Bodenlaborwerte_ID,Probenahme_Boden_ID,pH_Wert,NO3,C,N,K2O,P2O5,TPF_5gTrM
1,1,,,1118,133,,,
2,2,,,1118,133,,,
3,3,,,1118,133,,,
4,4,,,475,67,,,
5,5,,,475,67,,,
6,6,,,475,67,,,
7,7,,,341,51,,,
8,8,,,341,51,,,
9,9,,,341,51,,,
10,10,,,910,112,,,
11,11,,,910,112,,,
12,12,,,910,112,,,
13,13,,,449,67,,,
14,14,,,449,67,,,
15,15,,,449,67,,,
16,16,,,429,47,,,
17,17,,,429,47,,,
18,18,,,429,47,,,
19,19,,,861,107,,,
20,20,,,861,107,,,
21,21,,,861,107,,,
22,22,,,495,69,,,
23,23,,,495,69,,,
24,24,,,495,69,,,
25,25,,,312,53,,,
26,26,,,312,53,,,
27,27,,,312,53,,,
28,28,,,913,114,,,
29,29,,,913,114,,,
30,30,,,913,114,,,
31,31,,,500,75,,,
32,32,,,500,75,,,
33,33,,,500,75,,,
34,34,,,268,46,,,
35,35,,,268,46,,,
36,36,,,268,46,,,
37,37,,,906,113,,,
38,38,,,906,113,,,
39,39,,,906,113,,,
40,40,,,533,75,,,
41,41,,,533,75,,,
42,42,,,533,75,,,
43,43,,,286,51,,,
44,44,,,286,51,,,
45,45,,,286,51,,,
46,46,,,748,96,,,
47,47,,,748,96,,,
48,48,,,748,96,,,
49,49,,,758,95,,,
50,50,,,758,95,,,
51,51,,,758,95,,,
52,52,,,779,97,,,
53,53,,,779,97,,,
54,54,,,779,97,,,
55,55,,,974,117,,,
56,56,,,974,117,,,
57,57,,,974,117,,,
58,58,,,1076,125,,,
59,59,,,1076,125,,,
60,60,,,1076,125,,,
61,61,,,1100,132,,,
62,62,,,1100,132,,,
63,63,,,1100,132,,,
64,64,,,994,121,,,
65,65,,,994,121,,,
66,66,,,994,121,,,
67,67,,,1042,124,,,
68,68,,,1042,124,,,
69,69,,,1042,124,,,
70,70,,,1081,130,,,
71,71,,,1081,130,,,
72,72,,,1081,130,,,
73,73,,,1207,142,,,
74,74,,,1207,142,,,
75,75,,,1207,142,,,
76,76,,,1020,121,,,
77,77,,,1020,121,,,
78,78,,,1020,121,,,
79,79,,,1160,136,,,
80,80,,,1160,136,,,
81,81,,,1160,136,,,
82,82,,,913,110,,,
83,83,,,913,110,,,
84,84,,,913,110,,,
85,85,,,858,104,,,
86,86,,,858,104,,,
87,87,,,858,104,,,
88,88,,,948,120,,,
89,89,,,948,120,,,
90,90,,,948,120,,,
91,91,6.5,,,,30.6,23.2,
92,92,6.5,,,,30.6,23.2,
93,93,6.5,,,,30.6,23.2,
94,94,6.4,,,,22,18.5,
95,95,6.4,,,,22,18.5,
96,96,6.4,,,,22,18.5,
97,97,6.5,,,,16.4,16.5,
98,98,6.5,,,,16.4,16.5,
99,99,6.5,,,,16.4,16.5,
100,100,6.6,,,,52.2,27.9,
101,101,6.6,,,,52.2,27.9,
102,102,6.6,,,,52.2,27.9,
103,103,6.6,,,,37.9,25.3,
104,104,6.6,,,,37.9,25.3,
105,105,6.6,,,,37.9,25.3,
106,106,6.4,,,,27.6,16.8,
107,107,6.4,,,,27.6,16.8,
108,108,6.4,,,,27.6,16.8,
109,109,6.8,,,,55.2,24.3,
110,110,6.8,,,,55.2,24.3,
111,111,6.8,,,,55.2,24.3,
112,112,6.8,,,,44.4,29.1,
113,113,6.8,,,,44.4,29.1,
114,114,6.8,,,,44.4,29.1,
115,115,6.7,,,,32.3,29.33,
116,116,6.7,,,,32.3,29.33,
117,117,6.7,,,,32.3,29.33,
118,118,5.8,,,,19.5,10.2,
119,119,5.8,,,,19.5,10.2,
120,120,5.8,,,,19.5,10.2,
121,121,5.5,,,,16.3,8.2,
122,122,5.5,,,,16.3,8.2,
123,123,5.5,,,,16.3,8.2,
124,124,5.5,,,,14.9,9,
125,125,5.5,,,,14.9,9,
126,126,5.5,,,,14.9,9,
127,127,5.5,,,,15,8.3,
128,128,5.5,,,,15,8.3,
129,129,5.5,,,,15,8.3,
130,130,5.4,,,,15.7,7.1,
131,131,5.4,,,,15.7,7.1,
132,132,5.4,,,,15.7,7.1,
133,133,5.2,,,,12.3,7,
134,134,5.2,,,,12.3,7,
135,135,5.2,,,,12.3,7,
136,136,5.96,,,,30.8,18.9,
137,137,5.96,,,,30.8,18.9,
138,138,5.96,,,,30.8,18.9,
139,139,5.96,,,,20,16.8,
140,140,5.96,,,,20,16.8,
141,141,5.96,,,,20,16.8,
142,142,5.96,,,,18.7,16.3,
143,143,5.96,,,,18.7,16.3,
144,144,5.96,,,,18.7,16.3,
145,145,6.77,,,,48,30,
146,146,6.77,,,,48,30,
147,147,6.77,,,,48,30,
148,148,6.3,,,,22.1,22.3,
149,149,6.3,,,,22.1,22.3,
150,150,6.3,,,,22.1,22.3,
151,151,6.4,,,,31.2,22,
152,152,6.4,,,,31.2,22,
153,153,6.4,,,,31.2,22,
154,154,6.7,,,,59.3,27.5,
155,155,6.7,,,,59.3,27.5,
156,156,6.7,,,,59.3,27.5,
157,157,6.6,,,,49.2,23.1,
158,158,6.6,,,,49.2,23.1,
159,159,6.6,,,,49.2,23.1,
160,160,6.7,,,,33.1,21.8,
161,161,6.7,,,,33.1,21.8,
162,162,6.7,,,,33.1,21.8,
163,163,6.15,,,,25.3,13.05,
164,164,6.15,,,,25.3,13.05,
165,165,6.15,,,,25.3,13.05,
166,166,6.02,,,,22,12.1,
167,167,6.02,,,,22,12.1,
168,168,6.02,,,,22,12.1,
169,169,6.1,,,,18.2,11.8,
170,170,6.1,,,,18.2,11.8,
171,171,6.1,,,,18.2,11.8,
172,172,5.34,,,,14,9.1,
173,173,5.34,,,,14,9.1,
174,174,5.34,,,,14,9.1,
175,175,5.2,,,,16.9,8.61,
176,176,5.2,,,,16.9,8.61,
177,177,5.2,,,,16.9,8.61,
178,178,5.3,,,,17.2,9,
179,179,5.3,,,,17.2,9,
180,180,5.3,,,,17.2,9,
181,181,6.53,,,,,,
182,182,6.53,,,,,,
183,183,6.53,,,,,,
184,184,6.03,,,,,,
185,185,6.03,,,,,,
186,186,6.03,,,,,,
187,187,6.81,,,,,,
188,188,6.81,,,,,,
189,189,6.81,,,,,,
190,190,6.14,,,,,,
191,191,6.14,,,,,,
192,192,6.14,,,,,,
193,193,6.1,,,,,,
194,194,6.1,,,,,,
195,195,6.1,,,,,,
196,196,6.02,,,,,,
197,197,6.02,,,,,,
198,198,6.02,,,,,,
199,199,6.43,,,,,,
200,200,6.43,,,,,,
201,201,6.43,,,,,,
202,202,6.71,,,,,,
203,203,6.71,,,,,,
204,204,6.71,,,,,,
205,205,6.99,,,,,,
206,206,6.99,,,,,,
207,207,6.99,,,,,,
208,208,6.51,,,,,,
209,209,6.51,,,,,,
210,210,6.51,,,,,,
211,211,6.63,,,,,,
212,212,6.63,,,,,,
213,213,6.63,,,,,,
214,214,6.71,,,,,,
215,215,6.71,,,,,,
216,216,6.71,,,,,,
217,217,6.51,,,,,,
218,218,6.51,,,,,,
219,219,6.51,,,,,,
220,220,6.74,,,,,,
221,221,6.74,,,,,,
222,222,6.74,,,,,,
223,223,6.91,,,,,,
224,224,6.91,,,,,,
225,225,6.91,,,,,,
226,226,6.89,,,,,,
227,227,6.89,,,,,,
228,228,6.89,,,,,,
229,229,6.66,,,,,,
230,230,6.66,,,,,,
231,231,6.66,,,,,,
232,232,6.52,,,,,,
233,233,6.52,,,,,,
234,234,6.52,,,,,,
235,235,6.54,,,,,,
236,236,6.54,,,,,,
237,237,6.54,,,,,,
238,238,6.18,,,,,,
239,239,6.18,,,,,,
240,240,6.18,,,,,,
241,241,6.84,,,,,,
242,242,6.84,,,,,,
243,243,6.84,,,,,,
244,244,6.36,,,,,,
245,245,6.36,,,,,,
246,246,6.36,,,,,,
247,247,5.98,,,,,,
248,248,5.98,,,,,,
249,249,5.98,,,,,,
250,250,6.01,,,,,,
251,251,6.01,,,,,,
252,252,6.01,,,,,,
253,253,5.56,,,,,,
254,254,5.56,,,,,,
255,255,5.56,,,,,,
256,256,5.78,,,,,,
257,257,5.78,,,,,,
258,258,5.78,,,,,,
259,259,6.52,,,,,,
260,260,6.52,,,,,,
261,261,6.52,,,,,,
262,262,5.66,,,,,,
263,263,5.66,,,,,,
264,264,5.66,,,,,,
265,265,5.64,,,,,,
266,266,5.64,,,,,,
267,267,5.64,,,,,,
268,268,6.03,,,,,,
269,269,6.03,,,,,,
270,270,6.03,,,,,,
271,271,6.52,,,,,,
272,272,6.52,,,,,,
273,273,6.52,,,,,,
274,274,6.47,,,,,,
275,275,6.47,,,,,,
276,276,6.47,,,,,,
277,277,6.61,,,,,,
278,278,6.61,,,,,,
279,279,6.61,,,,,,
280,280,6.68,,,,,,
281,281,6.68,,,,,,
282,282,6.68,,,,,,
283,283,6.56,,,,,,
284,284,6.56,,,,,,
285,285,6.56,,,,,,
286,286,6.39,,,,,,
287,287,6.39,,,,,,
288,288,6.39,,,,,,
289,289,6.58,,,,,,
290,290,6.58,,,,,,
291,291,6.58,,,,,,
292,292,6.28,,,,,,
293,293,6.28,,,,,,
294,294,6.28,,,,,,
295,295,6.36,,,,,,
296,296,6.36,,,,,,
297,297,6.36,,,,,,
298,298,6.51,,,,,,
299,299,6.51,,,,,,
300,300,6.51,,,,,,
301,301,6.46,,,,,,
302,302,6.46,,,,,,
303,303,6.46,,,,,,
304,304,6.49,,,,,,
305,305,6.49,,,,,,
306,306,6.49,,,,,,
307,307,6.43,,,,,,
308,308,6.43,,,,,,
309,309,6.43,,,,,,
310,310,6.68,,,,,,
311,311,6.68,,,,,,
312,312,6.68,,,,,,
313,313,6.49,,,,,,
314,314,6.49,,,,,,
315,315,6.49,,,,,,
316,316,6.59,,,,,,
317,317,6.59,,,,,,
318,318,6.59,,,,,,
319,319,6.49,,,,,,
320,320,6.49,,,,,,
321,321,6.49,,,,,,
322,322,6.54,,,,,,
323,323,6.54,,,,,,
324,324,6.54,,,,,,
325,325,5.64,,,,,,
326,326,5.64,,,,,,
327,327,5.64,,,,,,
328,328,5.83,,,,,,
329,329,5.83,,,,,,
330,330,5.83,,,,,,
331,331,6.13,,,,,,
332,332,6.13,,,,,,
333,333,6.13,,,,,,
334,334,5.72,,,,,,
335,335,5.72,,,,,,
336,336,5.72,,,,,,
337,337,5.69,,,,,,
338,338,5.69,,,,,,
339,339,5.69,,,,,,
340,340,5.91,,,,,,
341,341,5.91,,,,,,
342,342,5.91,,,,,,
343,343,5.64,,,,,,
344,344,5.64,,,,,,
345,345,5.64,,,,,,
346,346,5.81,,,,,,
347,347,5.81,,,,,,
348,348,5.81,,,,,,
349,349,6.82,,,,,,
350,350,6.82,,,,,,
351,351,6.82,,,,,,
352,352,5.65,,,,,,
353,353,5.65,,,,,,
354,354,5.65,,,,,,
355,355,5.74,,,,,,
356,356,5.74,,,,,,
357,357,5.74,,,,,,
358,358,6.04,,,,,,
359,359,6.04,,,,,,
360,360,6.04,,,,,,
361,361,,,740,92,,,
362,362,,,740,92,,,
363,363,,,740,92,,,
364,364,,,564,77,,,
365,365,,,564,77,,,
366,366,,,564,77,,,
367,367,,,304,47,,,
368,368,,,304,47,,,
369,369,,,304,47,,,
370,370,,,782,85,,,
371,371,,,782,85,,,
372,372,,,782,85,,,
373,373,,,767,203,,,
374,374,,,767,203,,,
375,375,,,767,203,,,
376,376,,,601,82,,,
377,377,,,601,82,,,
378,378,,,601,82,,,
379,379,,,350,84,,,
380,380,,,350,84,,,
381,381,,,350,84,,,
382,382,,,797,85,,,
383,383,,,797,85,,,
384,384,,,797,85,,,
385,385,,,959,109,,,
386,386,,,959,109,,,
387,387,,,959,109,,,
388,388,,,601,75,,,
389,389,,,601,75,,,
390,390,,,601,75,,,
391,391,,,415,59,,,
392,392,,,415,59,,,
393,393,,,415,59,,,
394,394,,,1046,112,,,
395,395,,,1046,112,,,
396,396,,,1046,112,,,
397,397,,,963,128,,,
398,398,,,963,128,,,
399,399,,,963,128,,,
400,400,,,613,83,,,
401,401,,,613,83,,,
402,402,,,613,83,,,
403,403,,,341,62,,,
404,404,,,341,62,,,
405,405,,,341,62,,,
406,406,,,1095,117,,,
407,407,,,1095,117,,,
408,408,,,1095,117,,,
409,409,,,967,122,,,
410,410,,,967,122,,,
411,411,,,967,122,,,
412,412,,,565,75,,,
413,413,,,565,75,,,
414,414,,,565,75,,,
415,415,,,330,95,,,
416,416,,,330,95,,,
417,417,,,330,95,,,
418,418,,,1018,110,,,
419,419,,,1018,110,,,
420,420,,,1018,110,,,
421,421,,,1032,129,,,
422,422,,,1032,129,,,
423,423,,,1032,129,,,
424,424,,,696,87,,,
425,425,,,696,87,,,
426,426,,,696,87,,,
427,427,,,346,53,,,
428,428,,,346,53,,,
429,429,,,346,53,,,
430,430,,,1035,119,,,
431,431,,,1035,119,,,
432,432,,,1035,119,,,
433,433,,,1181,133,,,
434,434,,,1181,133,,,
435,435,,,1181,133,,,
436,436,,,730,96,,,
437,437,,,730,96,,,
438,438,,,730,96,,,
439,439,,,334,54,,,
440,440,,,334,54,,,
441,441,,,334,54,,,
442,442,,,1238,134,,,
443,443,,,1238,134,,,
444,444,,,1238,134,,,
445,445,,,1127,139,,,
446,446,,,1127,139,,,
447,447,,,1127,139,,,
448,448,,,525,237,,,
449,449,,,525,237,,,
450,450,,,525,237,,,
451,451,,,340,51,,,
452,452,,,340,51,,,
453,453,,,340,51,,,
454,454,,,1103,126,,,
455,455,,,1103,126,,,
456,456,,,1103,126,,,
457,457,,,834,105,,,
458,458,,,834,105,,,
459,459,,,834,105,,,
460,460,,,536,72,,,
461,461,,,536,72,,,
462,462,,,536,72,,,
463,463,,,417,58,,,
464,464,,,417,58,,,
465,465,,,417,58,,,
466,466,,,791,82,,,
467,467,,,791,82,,,
468,468,,,791,82,,,
469,469,,,838,209,,,
470,470,,,838,209,,,
471,471,,,838,209,,,
472,472,,,704,158,,,
473,473,,,704,158,,,
474,474,,,704,158,,,
475,475,,,318,52,,,
476,476,,,318,52,,,
477,477,,,318,52,,,
478,478,,,758,83,,,
479,479,,,758,83,,,
480,480,,,758,83,,,
481,481,,,849,87,27.1,19.36,
482,482,,,849,87,27.1,19.36,
483,483,,,849,87,27.1,19.36,
484,484,,,,,17,5.1,
485,485,,,,,17,5.1,
486,486,,,,,17,5.1,
487,487,,,,,7.8,1.57,
488,488,,,,,7.8,1.57,
489,489,,,,,7.8,1.57,
490,490,,,862,99,,,
491,491,,,862,99,,,
492,492,,,862,99,,,
493,493,,,769,83,17.6,13.7,
494,494,,,769,83,17.6,13.7,
495,495,,,769,83,17.6,13.7,
496,496,,,,,13.1,7.33,
497,497,,,,,13.1,7.33,
498,498,,,,,13.1,7.33,
499,499,,,,,7.6,2.75,
500,500,,,,,7.6,2.75,
501,501,,,,,7.6,2.75,
502,502,,,919,92,,,
503,503,,,919,92,,,
504,504,,,919,92,,,
505,505,,,855,84,34.1,19.23,
506,506,,,855,84,34.1,19.23,
507,507,,,855,84,34.1,19.23,
508,508,,,,,24.7,10.81,
509,509,,,,,24.7,10.81,
510,510,,,,,24.7,10.81,
511,511,,,,,6.7,6.14,
512,512,,,,,6.7,6.14,
513,513,,,,,6.7,6.14,
514,514,,,974,99,,,
515,515,,,974,99,,,
516,516,,,974,99,,,
517,517,,,947,92,25.3,20.49,
518,518,,,947,92,25.3,20.49,
519,519,,,947,92,25.3,20.49,
520,520,,,,,16.6,8.41,
521,521,,,,,16.6,8.41,
522,522,,,,,16.6,8.41,
523,523,,,,,8.3,2.62,
524,524,,,,,8.3,2.62,
525,525,,,,,8.3,2.62,
526,526,,,1256,109,,,
527,527,,,1256,109,,,
528,528,,,1256,109,,,
529,529,,,909,92,40.1,18.28,
530,530,,,909,92,40.1,18.28,
531,531,,,909,92,40.1,18.28,
532,532,,,,,18.3,8.72,
533,533,,,,,18.3,8.72,
534,534,,,,,18.3,8.72,
535,535,,,,,6.9,3.01,
536,536,,,,,6.9,3.01,
537,537,,,,,6.9,3.01,
538,538,,,970,100,,,
539,539,,,970,100,,,
540,540,,,970,100,,,
541,541,,,923,95,25.7,17.07,
542,542,,,923,95,25.7,17.07,
543,543,,,923,95,25.7,17.07,
544,544,,,,,16.4,10.65,
545,545,,,,,16.4,10.65,
546,546,,,,,16.4,10.65,
547,547,,,,,7.4,6.58,
548,548,,,,,7.4,6.58,
549,549,,,,,7.4,6.58,
550,550,,,1037,99,,,
551,551,,,1037,99,,,
552,552,,,1037,99,,,
553,553,,,955,92,16.5,6.45,
554,554,,,955,92,16.5,6.45,
555,555,,,955,92,16.5,6.45,
556,556,,,,,11.1,2.63,
557,557,,,,,11.1,2.63,
558,558,,,,,11.1,2.63,
559,559,,,,,6.9,1.09,
560,560,,,,,6.9,1.09,
561,561,,,,,6.9,1.09,
562,562,,,924,97,,,
563,563,,,924,97,,,
564,564,,,924,97,,,
565,565,,,1068,107,15.5,17.6,
566,566,,,1068,107,15.5,17.6,
567,567,,,1068,107,15.5,17.6,
568,568,,,,,12.4,18.5,
569,569,,,,,12.4,18.5,
570,570,,,,,12.4,18.5,
571,571,,,,,7.3,1.6,
572,572,,,,,7.3,1.6,
573,573,,,,,7.3,1.6,
574,574,,,918,89,,,
575,575,,,918,89,,,
576,576,,,918,89,,,
577,577,,,757,79,14.1,5.83,
578,578,,,757,79,14.1,5.83,
579,579,,,757,79,14.1,5.83,
580,580,,,,,10.5,2.76,
581,581,,,,,10.5,2.76,
582,582,,,,,10.5,2.76,
583,583,,,,,6.2,2.16,
584,584,,,,,6.2,2.16,
585,585,,,,,6.2,2.16,
586,586,,,823,83,,,
587,587,,,823,83,,,
588,588,,,823,83,,,
589,589,,,825,83,12.5,5.14,
590,590,,,825,83,12.5,5.14,
591,591,,,825,83,12.5,5.14,
592,592,,,,,12.7,3.12,
593,593,,,,,12.7,3.12,
594,594,,,,,12.7,3.12,
595,595,,,,,6.8,2.44,
596,596,,,,,6.8,2.44,
597,597,,,,,6.8,2.44,
598,598,,,859,84,,,
599,599,,,859,84,,,
600,600,,,859,84,,,
601,601,,,1006,120,,,
602,602,,,1006,120,,,
603,603,,,1006,120,,,
604,604,,,966,121,,,
605,605,,,966,121,,,
606,606,,,966,121,,,
607,607,,,1000,120,,,
608,608,,,1000,120,,,
609,609,,,1000,120,,,
610,610,,,639,85,,,
611,611,,,639,85,,,
612,612,,,639,85,,,
613,613,,,289,49,,,
614,614,,,289,49,,,
615,615,,,289,49,,,
616,616,,,313,48,,,
617,617,,,313,48,,,
618,618,,,313,48,,,
619,619,,,1217,148,,,
620,620,,,1217,148,,,
621,621,,,1217,148,,,
622,622,,,712,78,,,
623,623,,,712,78,,,
624,624,,,712,78,,,
625,625,,,472,44,,,
626,626,,,472,44,,,
627,627,,,472,44,,,
628,628,,,1149,124,,,
629,629,,,1149,124,,,
630,630,,,1149,124,,,
631,631,,,535,93,,,
632,632,,,535,93,,,
633,633,,,535,93,,,
634,634,,,315,158,,,
635,635,,,315,158,,,
636,636,,,315,158,,,
637,637,,,772,93,,,
638,638,,,772,93,,,
639,639,,,772,93,,,
640,640,,,578,74,,,
641,641,,,578,74,,,
642,642,,,578,74,,,
643,643,,,820,82,,,
644,644,,,820,82,,,
645,645,,,820,82,,,
646,646,,,1078,111,,,
647,647,,,1078,111,,,
648,648,,,1078,111,,,
649,649,,,430,61,,,
650,650,,,430,61,,,
651,651,,,430,61,,,
652,652,,,288,46,,,
653,653,,,288,46,,,
654,654,,,288,46,,,
655,655,,,687,102,,,
656,656,,,687,102,,,
657,657,,,687,102,,,
658,658,,,549,81,,,
659,659,,,549,81,,,
660,660,,,549,81,,,
661,661,,,341,56,,,
662,662,,,341,56,,,
663,663,,,341,56,,,
664,664,,,315,55,,,
665,665,,,315,55,,,
666,666,,,315,55,,,
667,667,,,576,79,,,
668,668,,,576,79,,,
669,669,,,576,79,,,
670,670,,,324,57,,,
671,671,,,324,57,,,
672,672,,,324,57,,,
673,673,,,1115,129,,,
674,674,,,1115,129,,,
675,675,,,1115,129,,,
676,676,,,1023,122,,,
677,677,,,1023,122,,,
678,678,,,1023,122,,,
679,679,,,965,119,,,
680,680,,,965,119,,,
681,681,,,965,119,,,
682,682,,,1149,141,,,
683,683,,,1149,141,,,
684,684,,,1149,141,,,
685,685,,,502,73,,,
686,686,,,502,73,,,
687,687,,,502,73,,,
688,688,,,401,43,,,
689,689,,,401,43,,,
690,690,,,401,43,,,
691,691,,,1042,129,,,
692,692,,,1042,129,,,
693,693,,,1042,129,,,
694,694,,,339,54,,,
695,695,,,339,54,,,
696,696,,,339,54,,,
697,697,,,304,47,,,
698,698,,,304,47,,,
699,699,,,304,47,,,
700,700,,,777,98,,,
701,701,,,777,98,,,
702,702,,,777,98,,,
703,703,,,483,69,,,
704,704,,,483,69,,,
705,705,,,483,69,,,
706,706,,,331,49,,,
707,707,,,331,49,,,
708,708,,,331,49,,,
709,709,,,829,103,,,
710,710,,,829,103,,,
711,711,,,829,103,,,
712,712,,,481,71,,,
713,713,,,481,71,,,
714,714,,,481,71,,,
715,715,,,400,45,,,
716,716,,,400,45,,,
717,717,,,400,45,,,
718,718,,,823,105,,,
719,719,,,823,105,,,
720,720,,,823,105,,,
721,721,,,374,56,,,
722,722,,,374,56,,,
723,723,,,374,56,,,
724,724,,,760,96,,,
725,725,,,760,96,,,
726,726,,,760,96,,,
727,727,,,626,87,,,
728,728,,,626,87,,,
729,729,,,626,87,,,
730,730,,,346,55,,,
731,731,,,346,55,,,
732,732,,,346,55,,,
733,733,,,630,98,,,
734,734,,,630,98,,,
735,735,,,630,98,,,
736,736,,,514,78,,,
737,737,,,514,78,,,
738,738,,,514,78,,,
739,739,,,310,53,,,
740,740,,,310,53,,,
741,741,,,310,53,,,
742,742,,,695,90,,,
743,743,,,695,90,,,
744,744,,,695,90,,,
745,745,,,500,72,,,
746,746,,,500,72,,,
747,747,,,500,72,,,
748,748,,,285,33,,,
749,749,,,285,33,,,
750,750,,,285,33,,,
751,751,,,353,58,,,
752,752,,,353,58,,,
753,753,,,353,58,,,
754,754,,,330,51,,,
755,755,,,330,51,,,
756,756,,,330,51,,,
757,757,,,325,52,,,
758,758,,,325,52,,,
759,759,,,325,52,,,
760,760,,,1025,121,,,
761,761,,,1025,121,,,
762,762,,,1025,121,,,
763,763,,,812,100,,,
764,764,,,812,100,,,
765,765,,,812,100,,,
766,766,,,330,44,,,
767,767,,,330,44,,,
768,768,,,330,44,,,
769,769,,,1119,134,,,
770,770,,,1119,134,,,
771,771,,,1119,134,,,
772,772,,,488,73,,,
773,773,,,488,73,,,
774,774,,,488,73,,,
775,775,,,372,63,,,
776,776,,,372,63,,,
777,777,,,372,63,,,
778,778,,,1281,149,,,
779,779,,,1281,149,,,
780,780,,,1281,149,,,
781,781,,,523,75,,,
782,782,,,523,75,,,
783,783,,,523,75,,,
784,784,,,416,49,,,
785,785,,,416,49,,,
786,786,,,416,49,,,
787,787,,,1228,146,,,
788,788,,,1228,146,,,
789,789,,,1228,146,,,
790,790,,,877,110,,,
791,791,,,877,110,,,
792,792,,,877,110,,,
793,793,,,345,50,,,
794,794,,,345,50,,,
795,795,,,345,50,,,
796,796,,,918,109,,,
797,797,,,918,109,,,
798,798,,,918,109,,,
799,799,,,390,60,,,
800,800,,,390,60,,,
801,801,,,390,60,,,
802,802,,,279,45,,,
803,803,,,279,45,,,
804,804,,,279,45,,,
805,805,,,813,98,,,
806,806,,,813,98,,,
807,807,,,813,98,,,
808,808,,,559,78,,,
809,809,,,559,78,,,
810,810,,,559,78,,,
811,811,,,364,51,,,
812,812,,,364,51,,,
813,813,,,364,51,,,
814,814,,,863,103,,,
815,815,,,863,103,,,
816,816,,,863,103,,,
817,817,,,894,106,,,
818,818,,,894,106,,,
819,819,,,894,106,,,
820,820,,,861,101,,,
821,821,,,861,101,,,
822,822,,,861,101,,,
823,823,,,994,123,,,
824,824,,,994,123,,,
825,825,,,994,123,,,
826,826,,,972,115,,,
827,827,,,972,115,,,
828,828,,,972,115,,,
829,829,,,1080,128,,,
830,830,,,1080,128,,,
831,831,,,1080,128,,,
832,832,,,593,80,,,
833,833,,,593,80,,,
834,834,,,593,80,,,
835,835,,,447,69,,,
836,836,,,447,69,,,
837,837,,,447,69,,,
838,838,,,333,53,,,
839,839,,,333,53,,,
840,840,,,333,53,,,
841,841,,,980,117,,,
842,842,,,980,117,,,
843,843,,,980,117,,,
844,844,,,1154,133,,,
845,845,,,1154,133,,,
846,846,,,1154,133,,,
847,847,,,279,46,,,
848,848,,,279,46,,,
849,849,,,279,46,,,
850,850,,,608,85,,,
851,851,,,608,85,,,
852,852,,,608,85,,,
853,853,,,1191,131,,,
854,854,,,1191,131,,,
855,855,,,1191,131,,,
856,856,,,,,23.7,11.06,
857,857,,,,,23.7,11.06,
858,858,,,,,23.7,11.06,
859,859,,,,,15.5,8.78,
860,860,,,,,15.5,8.78,
861,861,,,,,15.5,8.78,
862,862,,,,,26.1,14.2,
863,863,,,,,26.1,14.2,
864,864,,,,,26.1,14.2,
865,865,,,,,16.25,10.88,
866,866,,,,,16.25,10.88,
867,867,,,,,16.25,10.88,
868,868,,,,,39.85,14.41,
869,869,,,,,39.85,14.41,
870,870,,,,,39.85,14.41,
871,871,,,,,37.5,19.28,
872,872,,,,,37.5,19.28,
873,873,,,,,37.5,19.28,
874,874,,,,,33,17.63,
875,875,,,,,33,17.63,
876,876,,,,,33,17.63,
877,877,,,,,17.5,7.79,
878,878,,,,,17.5,7.79,
879,879,,,,,17.5,7.79,
880,880,,,,,13.9,5.4,
881,881,,,,,13.9,5.4,
882,882,,,,,13.9,5.4,
883,883,,,699,92,,,
884,884,,,699,92,,,
885,885,,,699,92,,,
886,886,,,788,99,,,
887,887,,,788,99,,,
888,888,,,788,99,,,
889,889,,,975,117,,,
890,890,,,975,117,,,
891,891,,,975,117,,,
892,892,,,1032,125,,,
893,893,,,1032,125,,,
894,894,,,1032,125,,,
895,895,,,1011,122,,,
896,896,,,1011,122,,,
897,897,,,1011,122,,,
898,898,,,1107,127,,,
899,899,,,1107,127,,,
900,900,,,1107,127,,,
901,901,,,1385,164,,,
902,902,,,1385,164,,,
903,903,,,1385,164,,,
904,904,,,801,108,,,
905,905,,,801,108,,,
906,906,,,801,108,,,
907,907,,,880,107,,,
908,908,,,880,107,,,
909,909,,,880,107,,,
910,910,,,1077,107,,,
911,911,,,1077,107,,,
912,912,,,1077,107,,,
913,913,,,960,109,,,
914,914,,,960,109,,,
915,915,,,960,109,,,
916,916,,,918,113,,,
917,917,,,918,113,,,
918,918,,,918,113,,,
919,919,,,969,119,,,
920,920,,,969,119,,,
921,921,,,969,119,,,
922,922,,,1025,119,,,
923,923,,,1025,119,,,
924,924,,,1025,119,,,
925,925,,,1066,123,,,
926,926,,,1066,123,,,
927,927,,,1066,123,,,
928,928,,,1026,123,,,
929,929,,,1026,123,,,
930,930,,,1026,123,,,
931,931,,,951,117,,,
932,932,,,951,117,,,
933,933,,,951,117,,,
934,934,,,841,107,,,
935,935,,,841,107,,,
936,936,,,841,107,,,
937,937,,,890,107,,,
938,938,,,890,107,,,
939,939,,,890,107,,,
940,940,,,775,97,,,
941,941,,,775,97,,,
942,942,,,775,97,,,
943,943,,,538,69,,,
944,944,,,538,69,,,
945,945,,,538,69,,,
946,946,,,319,50,,,
947,947,,,319,50,,,
948,948,,,319,50,,,
949,949,,,818,128,,,
950,950,,,818,128,,,
951,951,,,818,128,,,
952,952,,,538,69,,,
953,953,,,538,69,,,
954,954,,,538,69,,,
955,955,,,350,84,,,
956,956,,,350,84,,,
957,957,,,350,84,,,
958,958,,,944,113,,,
959,959,,,944,113,,,
960,960,,,944,113,,,
961,961,,,676,78,,,
962,962,,,676,78,,,
963,963,,,676,78,,,
964,964,,,347,53,,,
965,965,,,347,53,,,
966,966,,,347,53,,,
967,967,,,997,124,,,
968,968,,,997,124,,,
969,969,,,997,124,,,
970,970,,,626,84,,,
971,971,,,626,84,,,
972,972,,,626,84,,,
973,973,,,315,56,,,
974,974,,,315,56,,,
975,975,,,315,56,,,
976,976,,,998,121,,,
977,977,,,998,121,,,
978,978,,,998,121,,,
979,979,,,587,80,,,
980,980,,,587,80,,,
981,981,,,587,80,,,
982,982,,,355,97,,,
983,983,,,355,97,,,
984,984,,,355,97,,,
985,985,,,1073,128,,,
986,986,,,1073,128,,,
987,987,,,1073,128,,,
988,988,,,696,87,,,
989,989,,,696,87,,,
990,990,,,696,87,,,
991,991,,,346,53,,,
992,992,,,346,53,,,
993,993,,,346,53,,,
994,994,,,1100,139,,,
995,995,,,1100,139,,,
996,996,,,1100,139,,,
997,997,,,576,76,,,
998,998,,,576,76,,,
999,999,,,576,76,,,
1000,1000,,,381,47,,,
1001,1001,,,381,47,,,
1002,1002,,,381,47,,,
1003,1003,,,1251,144,,,
1004,1004,,,1251,144,,,
1005,1005,,,1251,144,,,
1006,1006,,,480,77,,,
1007,1007,,,480,77,,,
1008,1008,,,480,77,,,
1009,1009,,,305,54,,,
1010,1010,,,305,54,,,
1011,1011,,,305,54,,,
1012,1012,,,820,100,,,
1013,1013,,,820,100,,,
1014,1014,,,820,100,,,
1015,1015,,,507,70,,,
1016,1016,,,507,70,,,
1017,1017,,,507,70,,,
1018,1018,,,412,49,,,
1019,1019,,,412,49,,,
1020,1020,,,412,49,,,
1021,1021,,,1045,109,,,
1022,1022,,,1045,109,,,
1023,1023,,,1045,109,,,
1024,1024,,,430,61,,,
1025,1025,,,430,61,,,
1026,1026,,,430,61,,,
1027,1027,,,288,46,,,
1028,1028,,,288,46,,,
1029,1029,,,288,46,,,
1030,1030,6.34,,,,21.45,10.13,
1031,1031,6.34,,,,21.45,10.13,
1032,1032,6.34,,,,21.45,10.13,
1033,1033,6.3,,,,13.55,8.21,
1034,1034,6.3,,,,13.55,8.21,
1035,1035,6.3,,,,13.55,8.21,
1036,1036,6.51,,,,36.45,17.26,
1037,1037,6.51,,,,36.45,17.26,
1038,1038,6.51,,,,36.45,17.26,
1039,1039,6.56,,,,26.9,13.89,
1040,1040,6.56,,,,26.9,13.89,
1041,1041,6.56,,,,26.9,13.89,
1042,1042,6.7,,,,51.55,16.03,
1043,1043,6.7,,,,51.55,16.03,
1044,1044,6.7,,,,51.55,16.03,
1045,1045,6.65,,,,41.4,13.35,
1046,1046,6.65,,,,41.4,13.35,
1047,1047,6.65,,,,41.4,13.35,
1048,1048,6.71,,,,34,14.94,
1049,1049,6.71,,,,34,14.94,
1050,1050,6.71,,,,34,14.94,
1051,1051,6.73,,,,30.55,14.15,
1052,1052,6.73,,,,30.55,14.15,
1053,1053,6.73,,,,30.55,14.15,
1054,1054,6.18,,,,13.85,6.25,
1055,1055,6.18,,,,13.85,6.25,
1056,1056,6.18,,,,13.85,6.25,
1057,1057,7,,,,,,
1058,1058,7,,,,,,
1059,1059,7,,,,,,
1060,1060,5.9,,,,10.4,4.79,
1061,1061,5.9,,,,10.4,4.79,
1062,1062,5.9,,,,10.4,4.79,
1063,1063,5.85,,,,,,
1064,1064,5.85,,,,,,
1065,1065,5.85,,,,,,
1066,1066,6.62,,,,21.55,15.83,
1067,1067,6.62,,,,21.55,15.83,
1068,1068,6.62,,,,21.55,15.83,
1069,1069,6.76,,,,12.7,11.2,
1070,1070,6.76,,,,12.7,11.2,
1071,1071,6.76,,,,12.7,11.2,
1072,1072,6.94,,,,34.5,16.79,
1073,1073,6.94,,,,34.5,16.79,
1074,1074,6.94,,,,34.5,16.79,
1075,1075,6.82,,,,20.1,13.08,
1076,1076,6.82,,,,20.1,13.08,
1077,1077,6.82,,,,20.1,13.08,
1078,1078,6.82,,,,38.8,14.46,
1079,1079,6.82,,,,38.8,14.46,
1080,1080,6.82,,,,38.8,14.46,
1081,1081,6.82,,,,27.7,11.46,
1082,1082,6.82,,,,27.7,11.46,
1083,1083,6.82,,,,27.7,11.46,
1084,1084,6.75,,,,29.05,13.17,
1085,1085,6.75,,,,29.05,13.17,
1086,1086,6.75,,,,29.05,13.17,
1087,1087,6.69,,,,23.95,10.53,
1088,1088,6.69,,,,23.95,10.53,
1089,1089,6.69,,,,23.95,10.53,
1090,1090,6.45,,,,13.3,7.5,
1091,1091,6.45,,,,13.3,7.5,
1092,1092,6.45,,,,13.3,7.5,
1093,1093,6.42,,,,12.2,5.91,
1094,1094,6.42,,,,12.2,5.91,
1095,1095,6.42,,,,12.2,5.91,
