Probenahme_Pflanzen_ID,Versuchsjahr,Parzelle_ID
1,1985,1
2,1985,54
3,1985,91
4,1985,18
5,1985,55
6,1985,108
7,1985,19
8,1985,72
9,1985,109
10,1985,36
11,1985,73
12,1985,126
13,1985,37
14,1985,90
15,1985,127
16,1985,2
17,1985,53
18,1985,92
19,1985,17
20,1985,56
21,1985,107
22,1985,20
23,1985,71
24,1985,110
25,1985,35
26,1985,74
27,1985,125
28,1985,38
29,1985,89
30,1985,128
31,1985,3
32,1985,52
33,1985,93
34,1985,16
35,1985,57
36,1985,106
37,1985,21
38,1985,70
39,1985,111
40,1985,34
41,1985,75
42,1985,124
43,1985,39
44,1985,88
45,1985,129
46,1985,4
47,1985,51
48,1985,94
49,1985,15
50,1985,58
51,1985,105
52,1985,22
53,1985,69
54,1985,112
55,1985,33
56,1985,76
57,1985,123
58,1985,40
59,1985,87
60,1985,130
61,1985,5
62,1985,50
63,1985,95
64,1985,14
65,1985,59
66,1985,104
67,1985,23
68,1985,68
69,1985,113
70,1985,32
71,1985,77
72,1985,122
73,1985,41
74,1985,86
75,1985,131
76,1985,6
77,1985,49
78,1985,96
79,1985,13
80,1985,60
81,1985,103
82,1985,24
83,1985,67
84,1985,114
85,1985,31
86,1985,78
87,1985,121
88,1985,42
89,1985,85
90,1985,132
91,1985,7
92,1985,48
93,1985,97
94,1985,12
95,1985,61
96,1985,102
97,1985,25
98,1985,66
99,1985,115
100,1985,30
101,1985,79
102,1985,120
103,1985,43
104,1985,84
105,1985,133
106,1985,8
107,1985,47
108,1985,98
109,1985,11
110,1985,62
111,1985,101
112,1985,26
113,1985,65
114,1985,116
115,1985,29
116,1985,80
117,1985,119
118,1985,44
119,1985,83
120,1985,134
121,1985,9
122,1985,46
123,1985,99
124,1985,10
125,1985,63
126,1985,100
127,1985,27
128,1985,64
129,1985,117
130,1985,28
131,1985,81
132,1985,118
133,1985,45
134,1985,82
135,1985,135
136,1986,7
137,1986,48
138,1986,97
139,1986,12
140,1986,61
141,1986,102
142,1986,25
143,1986,66
144,1986,115
145,1986,30
146,1986,79
147,1986,120
148,1986,43
149,1986,84
150,1986,133
151,1986,8
152,1986,47
153,1986,98
154,1986,11
155,1986,62
156,1986,101
157,1986,26
158,1986,65
159,1986,116
160,1986,29
161,1986,80
162,1986,119
163,1986,44
164,1986,83
165,1986,134
166,1986,9
167,1986,46
168,1986,99
169,1986,10
170,1986,63
171,1986,100
172,1986,27
173,1986,64
174,1986,117
175,1986,28
176,1986,81
177,1986,118
178,1986,45
179,1986,82
180,1986,135
181,1986,1
182,1986,54
183,1986,91
184,1986,18
185,1986,55
186,1986,108
187,1986,19
188,1986,72
189,1986,109
190,1986,36
191,1986,73
192,1986,126
193,1986,37
194,1986,90
195,1986,127
196,1986,2
197,1986,53
198,1986,92
199,1986,17
200,1986,56
201,1986,107
202,1986,20
203,1986,71
204,1986,110
205,1986,35
206,1986,74
207,1986,125
208,1986,38
209,1986,89
210,1986,128
211,1986,3
212,1986,52
213,1986,93
214,1986,16
215,1986,57
216,1986,106
217,1986,21
218,1986,70
219,1986,111
220,1986,34
221,1986,75
222,1986,124
223,1986,39
224,1986,88
225,1986,129
226,1986,4
227,1986,51
228,1986,94
229,1986,15
230,1986,58
231,1986,105
232,1986,22
233,1986,69
234,1986,112
235,1986,33
236,1986,76
237,1986,123
238,1986,40
239,1986,87
240,1986,130
241,1986,5
242,1986,50
243,1986,95
244,1986,14
245,1986,59
246,1986,104
247,1986,23
248,1986,68
249,1986,113
250,1986,32
251,1986,77
252,1986,122
253,1986,41
254,1986,86
255,1986,131
256,1986,6
257,1986,49
258,1986,96
259,1986,13
260,1986,60
261,1986,103
262,1986,24
263,1986,67
264,1986,114
265,1986,31
266,1986,78
267,1986,121
268,1986,42
269,1986,85
270,1986,132
271,1987,4
272,1987,51
273,1987,94
274,1987,15
275,1987,58
276,1987,105
277,1987,22
278,1987,69
279,1987,112
280,1987,33
281,1987,76
282,1987,123
283,1987,40
284,1987,87
285,1987,130
286,1987,5
287,1987,50
288,1987,95
289,1987,14
290,1987,59
291,1987,104
292,1987,23
293,1987,68
294,1987,113
295,1987,32
296,1987,77
297,1987,122
298,1987,41
299,1987,86
300,1987,131
301,1987,6
302,1987,49
303,1987,96
304,1987,13
305,1987,60
306,1987,103
307,1987,24
308,1987,67
309,1987,114
310,1987,31
311,1987,78
312,1987,121
313,1987,42
314,1987,85
315,1987,132
316,1987,7
317,1987,48
318,1987,97
319,1987,12
320,1987,61
321,1987,102
322,1987,25
323,1987,66
324,1987,115
325,1987,30
326,1987,79
327,1987,120
328,1987,43
329,1987,84
330,1987,133
331,1987,8
332,1987,47
333,1987,98
334,1987,11
335,1987,62
336,1987,101
337,1987,26
338,1987,65
339,1987,116
340,1987,29
341,1987,80
342,1987,119
343,1987,44
344,1987,83
345,1987,134
346,1987,9
347,1987,46
348,1987,99
349,1987,10
350,1987,63
351,1987,100
352,1987,27
353,1987,64
354,1987,117
355,1987,28
356,1987,81
357,1987,118
358,1987,45
359,1987,82
360,1987,135
361,1987,1
362,1987,54
363,1987,91
364,1987,18
365,1987,55
366,1987,108
367,1987,19
368,1987,72
369,1987,109
370,1987,36
371,1987,73
372,1987,126
373,1987,37
374,1987,90
375,1987,127
376,1987,2
377,1987,53
378,1987,92
379,1987,17
380,1987,56
381,1987,107
382,1987,20
383,1987,71
384,1987,110
385,1987,35
386,1987,74
387,1987,125
388,1987,38
389,1987,89
390,1987,128
391,1987,3
392,1987,52
393,1987,93
394,1987,16
395,1987,57
396,1987,106
397,1987,21
398,1987,70
399,1987,111
400,1987,34
401,1987,75
402,1987,124
403,1987,39
404,1987,88
405,1987,129
406,1988,1
407,1988,54
408,1988,91
409,1988,18
410,1988,55
411,1988,108
412,1988,19
413,1988,72
414,1988,109
415,1988,36
416,1988,73
417,1988,126
418,1988,37
419,1988,90
420,1988,127
421,1988,2
422,1988,53
423,1988,92
424,1988,17
425,1988,56
426,1988,107
427,1988,20
428,1988,71
429,1988,110
430,1988,35
431,1988,74
432,1988,125
433,1988,38
434,1988,89
435,1988,128
436,1988,3
437,1988,52
438,1988,93
439,1988,16
440,1988,57
441,1988,106
442,1988,21
443,1988,70
444,1988,111
445,1988,34
446,1988,75
447,1988,124
448,1988,39
449,1988,88
450,1988,129
451,1988,4
452,1988,51
453,1988,94
454,1988,15
455,1988,58
456,1988,105
457,1988,22
458,1988,69
459,1988,112
460,1988,33
461,1988,76
462,1988,123
463,1988,40
464,1988,87
465,1988,130
466,1988,5
467,1988,50
468,1988,95
469,1988,14
470,1988,59
471,1988,104
472,1988,23
473,1988,68
474,1988,113
475,1988,32
476,1988,77
477,1988,122
478,1988,41
479,1988,86
480,1988,131
481,1988,6
482,1988,49
483,1988,96
484,1988,13
485,1988,60
486,1988,103
487,1988,24
488,1988,67
489,1988,114
490,1988,31
491,1988,78
492,1988,121
493,1988,42
494,1988,85
495,1988,132
496,1988,7
497,1988,48
498,1988,97
499,1988,12
500,1988,61
501,1988,102
502,1988,25
503,1988,66
504,1988,115
505,1988,30
506,1988,79
507,1988,120
508,1988,43
509,1988,84
510,1988,133
511,1988,8
512,1988,47
513,1988,98
514,1988,11
515,1988,62
516,1988,101
517,1988,26
518,1988,65
519,1988,116
520,1988,29
521,1988,80
522,1988,119
523,1988,44
524,1988,83
525,1988,134
526,1988,9
527,1988,46
528,1988,99
529,1988,10
530,1988,63
531,1988,100
532,1988,27
533,1988,64
534,1988,117
535,1988,28
536,1988,81
537,1988,118
538,1988,45
539,1988,82
540,1988,135
541,1989,7
542,1989,48
543,1989,97
544,1989,12
545,1989,61
546,1989,102
547,1989,25
548,1989,66
549,1989,115
550,1989,30
551,1989,79
552,1989,120
553,1989,43
554,1989,84
555,1989,133
556,1989,8
557,1989,47
558,1989,98
559,1989,11
560,1989,62
561,1989,101
562,1989,26
563,1989,65
564,1989,116
565,1989,29
566,1989,80
567,1989,119
568,1989,44
569,1989,83
570,1989,134
571,1989,9
572,1989,46
573,1989,99
574,1989,10
575,1989,63
576,1989,100
577,1989,27
578,1989,64
579,1989,117
580,1989,28
581,1989,81
582,1989,118
583,1989,45
584,1989,82
585,1989,135
586,1989,1
587,1989,54
588,1989,91
589,1989,18
590,1989,55
591,1989,108
592,1989,19
593,1989,72
594,1989,109
595,1989,36
596,1989,73
597,1989,126
598,1989,37
599,1989,90
600,1989,127
601,1989,2
602,1989,53
603,1989,92
604,1989,17
605,1989,56
606,1989,107
607,1989,20
608,1989,71
609,1989,110
610,1989,35
611,1989,74
612,1989,125
613,1989,38
614,1989,89
615,1989,128
616,1989,3
617,1989,52
618,1989,93
619,1989,16
620,1989,57
621,1989,106
622,1989,21
623,1989,70
624,1989,111
625,1989,34
626,1989,75
627,1989,124
628,1989,39
629,1989,88
630,1989,129
631,1989,4
632,1989,51
633,1989,94
634,1989,15
635,1989,58
636,1989,105
637,1989,22
638,1989,69
639,1989,112
640,1989,33
641,1989,76
642,1989,123
643,1989,40
644,1989,87
645,1989,130
646,1989,5
647,1989,50
648,1989,95
649,1989,14
650,1989,59
651,1989,104
652,1989,23
653,1989,68
654,1989,113
655,1989,32
656,1989,77
657,1989,122
658,1989,41
659,1989,86
660,1989,131
661,1989,6
662,1989,49
663,1989,96
664,1989,13
665,1989,60
666,1989,103
667,1989,24
668,1989,67
669,1989,114
670,1989,31
671,1989,78
672,1989,121
673,1989,42
674,1989,85
675,1989,132
676,1990,4
677,1990,51
678,1990,94
679,1990,15
680,1990,58
681,1990,105
682,1990,22
683,1990,69
684,1990,112
685,1990,33
686,1990,76
687,1990,123
688,1990,40
689,1990,87
690,1990,130
691,1990,5
692,1990,50
693,1990,95
694,1990,14
695,1990,59
696,1990,104
697,1990,23
698,1990,68
699,1990,113
700,1990,32
701,1990,77
702,1990,122
703,1990,41
704,1990,86
705,1990,131
706,1990,6
707,1990,49
708,1990,96
709,1990,13
710,1990,60
711,1990,103
712,1990,24
713,1990,67
714,1990,114
715,1990,31
716,1990,78
717,1990,121
718,1990,42
719,1990,85
720,1990,132
721,1990,7
722,1990,48
723,1990,97
724,1990,12
725,1990,61
726,1990,102
727,1990,25
728,1990,66
729,1990,115
730,1990,30
731,1990,79
732,1990,120
733,1990,43
734,1990,84
735,1990,133
736,1990,8
737,1990,47
738,1990,98
739,1990,11
740,1990,62
741,1990,101
742,1990,26
743,1990,65
744,1990,116
745,1990,29
746,1990,80
747,1990,119
748,1990,44
749,1990,83
750,1990,134
751,1990,9
752,1990,46
753,1990,99
754,1990,10
755,1990,63
756,1990,100
757,1990,27
758,1990,64
759,1990,117
760,1990,28
761,1990,81
762,1990,118
763,1990,45
764,1990,82
765,1990,135
766,1990,1
767,1990,54
768,1990,91
769,1990,18
770,1990,55
771,1990,108
772,1990,19
773,1990,72
774,1990,109
775,1990,36
776,1990,73
777,1990,126
778,1990,37
779,1990,90
780,1990,127
781,1990,2
782,1990,53
783,1990,92
784,1990,17
785,1990,56
786,1990,107
787,1990,20
788,1990,71
789,1990,110
790,1990,35
791,1990,74
792,1990,125
793,1990,38
794,1990,89
795,1990,128
796,1990,3
797,1990,52
798,1990,93
799,1990,16
800,1990,57
801,1990,106
802,1990,21
803,1990,70
804,1990,111
805,1990,34
806,1990,75
807,1990,124
808,1990,39
809,1990,88
810,1990,129
811,1991,1
812,1991,54
813,1991,91
814,1991,18
815,1991,55
816,1991,108
817,1991,19
818,1991,72
819,1991,109
820,1991,36
821,1991,73
822,1991,126
823,1991,37
824,1991,90
825,1991,127
826,1991,2
827,1991,53
828,1991,92
829,1991,17
830,1991,56
831,1991,107
832,1991,20
833,1991,71
834,1991,110
835,1991,35
836,1991,74
837,1991,125
838,1991,38
839,1991,89
840,1991,128
841,1991,3
842,1991,52
843,1991,93
844,1991,16
845,1991,57
846,1991,106
847,1991,21
848,1991,70
849,1991,111
850,1991,34
851,1991,75
852,1991,124
853,1991,39
854,1991,88
855,1991,129
856,1991,4
857,1991,51
858,1991,94
859,1991,15
860,1991,58
861,1991,105
862,1991,22
863,1991,69
864,1991,112
865,1991,33
866,1991,76
867,1991,123
868,1991,40
869,1991,87
870,1991,130
871,1991,5
872,1991,50
873,1991,95
874,1991,14
875,1991,59
876,1991,104
877,1991,23
878,1991,68
879,1991,113
880,1991,32
881,1991,77
882,1991,122
883,1991,41
884,1991,86
885,1991,131
886,1991,6
887,1991,49
888,1991,96
889,1991,13
890,1991,60
891,1991,103
892,1991,24
893,1991,67
894,1991,114
895,1991,31
896,1991,78
897,1991,121
898,1991,42
899,1991,85
900,1991,132
901,1991,7
902,1991,48
903,1991,97
904,1991,12
905,1991,61
906,1991,102
907,1991,25
908,1991,66
909,1991,115
910,1991,30
911,1991,79
912,1991,120
913,1991,43
914,1991,84
915,1991,133
916,1991,8
917,1991,47
918,1991,98
919,1991,11
920,1991,62
921,1991,101
922,1991,26
923,1991,65
924,1991,116
925,1991,29
926,1991,80
927,1991,119
928,1991,44
929,1991,83
930,1991,134
931,1991,9
932,1991,46
933,1991,99
934,1991,10
935,1991,63
936,1991,100
937,1991,27
938,1991,64
939,1991,117
940,1991,28
941,1991,81
942,1991,118
943,1991,45
944,1991,82
945,1991,135
946,1992,7
947,1992,48
948,1992,97
949,1992,12
950,1992,61
951,1992,102
952,1992,25
953,1992,66
954,1992,115
955,1992,30
956,1992,79
957,1992,120
958,1992,43
959,1992,84
960,1992,133
961,1992,8
962,1992,47
963,1992,98
964,1992,11
965,1992,62
966,1992,101
967,1992,26
968,1992,65
969,1992,116
970,1992,29
971,1992,80
972,1992,119
973,1992,44
974,1992,83
975,1992,134
976,1992,9
977,1992,46
978,1992,99
979,1992,10
980,1992,63
981,1992,100
982,1992,27
983,1992,64
984,1992,117
985,1992,28
986,1992,81
987,1992,118
988,1992,45
989,1992,82
990,1992,135
991,1992,1
992,1992,54
993,1992,91
994,1992,18
995,1992,55
996,1992,108
997,1992,19
998,1992,72
999,1992,109
1000,1992,36
1001,1992,73
1002,1992,126
1003,1992,37
1004,1992,90
1005,1992,127
1006,1992,2
1007,1992,53
1008,1992,92
1009,1992,17
1010,1992,56
1011,1992,107
1012,1992,20
1013,1992,71
1014,1992,110
1015,1992,35
1016,1992,74
1017,1992,125
1018,1992,38
1019,1992,89
1020,1992,128
1021,1992,3
1022,1992,52
1023,1992,93
1024,1992,16
1025,1992,57
1026,1992,106
1027,1992,21
1028,1992,70
1029,1992,111
1030,1992,34
1031,1992,75
1032,1992,124
1033,1992,39
1034,1992,88
1035,1992,129
1036,1992,4
1037,1992,51
1038,1992,94
1039,1992,15
1040,1992,58
1041,1992,105
1042,1992,22
1043,1992,69
1044,1992,112
1045,1992,33
1046,1992,76
1047,1992,123
1048,1992,40
1049,1992,87
1050,1992,130
1051,1992,5
1052,1992,50
1053,1992,95
1054,1992,14
1055,1992,59
1056,1992,104
1057,1992,23
1058,1992,68
1059,1992,113
1060,1992,32
1061,1992,77
1062,1992,122
1063,1992,41
1064,1992,86
1065,1992,131
1066,1992,6
1067,1992,49
1068,1992,96
1069,1992,13
1070,1992,60
1071,1992,103
1072,1992,24
1073,1992,67
1074,1992,114
1075,1992,31
1076,1992,78
1077,1992,121
1078,1992,42
1079,1992,85
1080,1992,132
1081,1993,4
1082,1993,51
1083,1993,94
1084,1993,15
1085,1993,58
1086,1993,105
1087,1993,22
1088,1993,69
1089,1993,112
1090,1993,33
1091,1993,76
1092,1993,123
1093,1993,40
1094,1993,87
1095,1993,130
1096,1993,5
1097,1993,50
1098,1993,95
1099,1993,14
1100,1993,59
1101,1993,104
1102,1993,23
1103,1993,68
1104,1993,113
1105,1993,32
1106,1993,77
1107,1993,122
1108,1993,41
1109,1993,86
1110,1993,131
1111,1993,6
1112,1993,49
1113,1993,96
1114,1993,13
1115,1993,60
1116,1993,103
1117,1993,24
1118,1993,67
1119,1993,114
1120,1993,31
1121,1993,78
1122,1993,121
1123,1993,42
1124,1993,85
1125,1993,132
1126,1993,7
1127,1993,48
1128,1993,97
1129,1993,12
1130,1993,61
1131,1993,102
1132,1993,25
1133,1993,66
1134,1993,115
1135,1993,30
1136,1993,79
1137,1993,120
1138,1993,43
1139,1993,84
1140,1993,133
1141,1993,8
1142,1993,47
1143,1993,98
1144,1993,11
1145,1993,62
1146,1993,101
1147,1993,26
1148,1993,65
1149,1993,116
1150,1993,29
1151,1993,80
1152,1993,119
1153,1993,44
1154,1993,83
1155,1993,134
1156,1993,9
1157,1993,46
1158,1993,99
1159,1993,10
1160,1993,63
1161,1993,100
1162,1993,27
1163,1993,64
1164,1993,117
1165,1993,28
1166,1993,81
1167,1993,118
1168,1993,45
1169,1993,82
1170,1993,135
1171,1993,1
1172,1993,54
1173,1993,91
1174,1993,18
1175,1993,55
1176,1993,108
1177,1993,19
1178,1993,72
1179,1993,109
1180,1993,36
1181,1993,73
1182,1993,126
1183,1993,37
1184,1993,90
1185,1993,127
1186,1993,2
1187,1993,53
1188,1993,92
1189,1993,17
1190,1993,56
1191,1993,107
1192,1993,20
1193,1993,71
1194,1993,110
1195,1993,35
1196,1993,74
1197,1993,125
1198,1993,38
1199,1993,89
1200,1993,128
1201,1993,3
1202,1993,52
1203,1993,93
1204,1993,16
1205,1993,57
1206,1993,106
1207,1993,21
1208,1993,70
1209,1993,111
1210,1993,34
1211,1993,75
1212,1993,124
1213,1993,39
1214,1993,88
1215,1993,129
1216,1994,1
1217,1994,54
1218,1994,91
1219,1994,18
1220,1994,55
1221,1994,108
1222,1994,19
1223,1994,72
1224,1994,109
1225,1994,36
1226,1994,73
1227,1994,126
1228,1994,37
1229,1994,90
1230,1994,127
1231,1994,2
1232,1994,53
1233,1994,92
1234,1994,17
1235,1994,56
1236,1994,107
1237,1994,20
1238,1994,71
1239,1994,110
1240,1994,35
1241,1994,74
1242,1994,125
1243,1994,38
1244,1994,89
1245,1994,128
1246,1994,3
1247,1994,52
1248,1994,93
1249,1994,16
1250,1994,57
1251,1994,106
1252,1994,21
1253,1994,70
1254,1994,111
1255,1994,34
1256,1994,75
1257,1994,124
1258,1994,39
1259,1994,88
1260,1994,129
1261,1994,4
1262,1994,51
1263,1994,94
1264,1994,15
1265,1994,58
1266,1994,105
1267,1994,22
1268,1994,69
1269,1994,112
1270,1994,33
1271,1994,76
1272,1994,123
1273,1994,40
1274,1994,87
1275,1994,130
1276,1994,5
1277,1994,50
1278,1994,95
1279,1994,14
1280,1994,59
1281,1994,104
1282,1994,23
1283,1994,68
1284,1994,113
1285,1994,32
1286,1994,77
1287,1994,122
1288,1994,41
1289,1994,86
1290,1994,131
1291,1994,6
1292,1994,49
1293,1994,96
1294,1994,13
1295,1994,60
1296,1994,103
1297,1994,24
1298,1994,67
1299,1994,114
1300,1994,31
1301,1994,78
1302,1994,121
1303,1994,42
1304,1994,85
1305,1994,132
1306,1994,7
1307,1994,48
1308,1994,97
1309,1994,12
1310,1994,61
1311,1994,102
1312,1994,25
1313,1994,66
1314,1994,115
1315,1994,30
1316,1994,79
1317,1994,120
1318,1994,43
1319,1994,84
1320,1994,133
1321,1994,8
1322,1994,47
1323,1994,98
1324,1994,11
1325,1994,62
1326,1994,101
1327,1994,26
1328,1994,65
1329,1994,116
1330,1994,29
1331,1994,80
1332,1994,119
1333,1994,44
1334,1994,83
1335,1994,134
1336,1994,9
1337,1994,46
1338,1994,99
1339,1994,10
1340,1994,63
1341,1994,100
1342,1994,27
1343,1994,64
1344,1994,117
1345,1994,28
1346,1994,81
1347,1994,118
1348,1994,45
1349,1994,82
1350,1994,135
1351,1995,7
1352,1995,48
1353,1995,97
1354,1995,12
1355,1995,61
1356,1995,102
1357,1995,25
1358,1995,66
1359,1995,115
1360,1995,30
1361,1995,79
1362,1995,120
1363,1995,43
1364,1995,84
1365,1995,133
1366,1995,8
1367,1995,47
1368,1995,98
1369,1995,11
1370,1995,62
1371,1995,101
1372,1995,26
1373,1995,65
1374,1995,116
1375,1995,29
1376,1995,80
1377,1995,119
1378,1995,44
1379,1995,83
1380,1995,134
1381,1995,9
1382,1995,46
1383,1995,99
1384,1995,10
1385,1995,63
1386,1995,100
1387,1995,27
1388,1995,64
1389,1995,117
1390,1995,28
1391,1995,81
1392,1995,118
1393,1995,45
1394,1995,82
1395,1995,135
1396,1995,1
1397,1995,54
1398,1995,91
1399,1995,18
1400,1995,55
1401,1995,108
1402,1995,19
1403,1995,72
1404,1995,109
1405,1995,36
1406,1995,73
1407,1995,126
1408,1995,37
1409,1995,90
1410,1995,127
1411,1995,2
1412,1995,53
1413,1995,92
1414,1995,17
1415,1995,56
1416,1995,107
1417,1995,20
1418,1995,71
1419,1995,110
1420,1995,35
1421,1995,74
1422,1995,125
1423,1995,38
1424,1995,89
1425,1995,128
1426,1995,3
1427,1995,52
1428,1995,93
1429,1995,16
1430,1995,57
1431,1995,106
1432,1995,21
1433,1995,70
1434,1995,111
1435,1995,34
1436,1995,75
1437,1995,124
1438,1995,39
1439,1995,88
1440,1995,129
1441,1995,4
1442,1995,51
1443,1995,94
1444,1995,15
1445,1995,58
1446,1995,105
1447,1995,22
1448,1995,69
1449,1995,112
1450,1995,33
1451,1995,76
1452,1995,123
1453,1995,40
1454,1995,87
1455,1995,130
1456,1995,5
1457,1995,50
1458,1995,95
1459,1995,14
1460,1995,59
1461,1995,104
1462,1995,23
1463,1995,68
1464,1995,113
1465,1995,32
1466,1995,77
1467,1995,122
1468,1995,41
1469,1995,86
1470,1995,131
1471,1995,6
1472,1995,49
1473,1995,96
1474,1995,13
1475,1995,60
1476,1995,103
1477,1995,24
1478,1995,67
1479,1995,114
1480,1995,31
1481,1995,78
1482,1995,121
1483,1995,42
1484,1995,85
1485,1995,132
1486,1996,4
1487,1996,51
1488,1996,94
1489,1996,15
1490,1996,58
1491,1996,105
1492,1996,22
1493,1996,69
1494,1996,112
1495,1996,33
1496,1996,76
1497,1996,123
1498,1996,40
1499,1996,87
1500,1996,130
1501,1996,5
1502,1996,50
1503,1996,95
1504,1996,14
1505,1996,59
1506,1996,104
1507,1996,23
1508,1996,68
1509,1996,113
1510,1996,32
1511,1996,77
1512,1996,122
1513,1996,41
1514,1996,86
1515,1996,131
1516,1996,6
1517,1996,49
1518,1996,96
1519,1996,13
1520,1996,60
1521,1996,103
1522,1996,24
1523,1996,67
1524,1996,114
1525,1996,31
1526,1996,78
1527,1996,121
1528,1996,42
1529,1996,85
1530,1996,132
1531,1996,7
1532,1996,48
1533,1996,97
1534,1996,12
1535,1996,61
1536,1996,102
1537,1996,25
1538,1996,66
1539,1996,115
1540,1996,30
1541,1996,79
1542,1996,120
1543,1996,43
1544,1996,84
1545,1996,133
1546,1996,8
1547,1996,47
1548,1996,98
1549,1996,11
1550,1996,62
1551,1996,101
1552,1996,26
1553,1996,65
1554,1996,116
1555,1996,29
1556,1996,80
1557,1996,119
1558,1996,44
1559,1996,83
1560,1996,134
1561,1996,9
1562,1996,46
1563,1996,99
1564,1996,10
1565,1996,63
1566,1996,100
1567,1996,27
1568,1996,64
1569,1996,117
1570,1996,28
1571,1996,81
1572,1996,118
1573,1996,45
1574,1996,82
1575,1996,135
1576,1996,1
1577,1996,54
1578,1996,91
1579,1996,18
1580,1996,55
1581,1996,108
1582,1996,19
1583,1996,72
1584,1996,109
1585,1996,36
1586,1996,73
1587,1996,126
1588,1996,37
1589,1996,90
1590,1996,127
1591,1996,2
1592,1996,53
1593,1996,92
1594,1996,17
1595,1996,56
1596,1996,107
1597,1996,20
1598,1996,71
1599,1996,110
1600,1996,35
1601,1996,74
1602,1996,125
1603,1996,38
1604,1996,89
1605,1996,128
1606,1996,3
1607,1996,52
1608,1996,93
1609,1996,16
1610,1996,57
1611,1996,106
1612,1996,21
1613,1996,70
1614,1996,111
1615,1996,34
1616,1996,75
1617,1996,124
1618,1996,39
1619,1996,88
1620,1996,129
1621,1997,1
1622,1997,54
1623,1997,91
1624,1997,18
1625,1997,55
1626,1997,108
1627,1997,19
1628,1997,72
1629,1997,109
1630,1997,36
1631,1997,73
1632,1997,126
1633,1997,37
1634,1997,90
1635,1997,127
1636,1997,2
1637,1997,53
1638,1997,92
1639,1997,17
1640,1997,56
1641,1997,107
1642,1997,20
1643,1997,71
1644,1997,110
1645,1997,35
1646,1997,74
1647,1997,125
1648,1997,38
1649,1997,89
1650,1997,128
1651,1997,3
1652,1997,52
1653,1997,93
1654,1997,16
1655,1997,57
1656,1997,106
1657,1997,21
1658,1997,70
1659,1997,111
1660,1997,34
1661,1997,75
1662,1997,124
1663,1997,39
1664,1997,88
1665,1997,129
1666,1997,4
1667,1997,51
1668,1997,94
1669,1997,15
1670,1997,58
1671,1997,105
1672,1997,22
1673,1997,69
1674,1997,112
1675,1997,33
1676,1997,76
1677,1997,123
1678,1997,40
1679,1997,87
1680,1997,130
1681,1997,5
1682,1997,50
1683,1997,95
1684,1997,14
1685,1997,59
1686,1997,104
1687,1997,23
1688,1997,68
1689,1997,113
1690,1997,32
1691,1997,77
1692,1997,122
1693,1997,41
1694,1997,86
1695,1997,131
1696,1997,6
1697,1997,49
1698,1997,96
1699,1997,13
1700,1997,60
1701,1997,103
1702,1997,24
1703,1997,67
1704,1997,114
1705,1997,31
1706,1997,78
1707,1997,121
1708,1997,42
1709,1997,85
1710,1997,132
1711,1997,7
1712,1997,48
1713,1997,97
1714,1997,12
1715,1997,61
1716,1997,102
1717,1997,25
1718,1997,66
1719,1997,115
1720,1997,30
1721,1997,79
1722,1997,120
1723,1997,43
1724,1997,84
1725,1997,133
1726,1997,8
1727,1997,47
1728,1997,98
1729,1997,11
1730,1997,62
1731,1997,101
1732,1997,26
1733,1997,65
1734,1997,116
1735,1997,29
1736,1997,80
1737,1997,119
1738,1997,44
1739,1997,83
1740,1997,134
1741,1997,9
1742,1997,46
1743,1997,99
1744,1997,10
1745,1997,63
1746,1997,100
1747,1997,27
1748,1997,64
1749,1997,117
1750,1997,28
1751,1997,81
1752,1997,118
1753,1997,45
1754,1997,82
1755,1997,135
1756,1998,7
1757,1998,48
1758,1998,97
1759,1998,12
1760,1998,61
1761,1998,102
1762,1998,25
1763,1998,66
1764,1998,115
1765,1998,30
1766,1998,79
1767,1998,120
1768,1998,43
1769,1998,84
1770,1998,133
1771,1998,8
1772,1998,47
1773,1998,98
1774,1998,11
1775,1998,62
1776,1998,101
1777,1998,26
1778,1998,65
1779,1998,116
1780,1998,29
1781,1998,80
1782,1998,119
1783,1998,44
1784,1998,83
1785,1998,134
1786,1998,9
1787,1998,46
1788,1998,99
1789,1998,10
1790,1998,63
1791,1998,100
1792,1998,27
1793,1998,64
1794,1998,117
1795,1998,28
1796,1998,81
1797,1998,118
1798,1998,45
1799,1998,82
1800,1998,135
1801,1998,1
1802,1998,54
1803,1998,91
1804,1998,18
1805,1998,55
1806,1998,108
1807,1998,19
1808,1998,72
1809,1998,109
1810,1998,36
1811,1998,73
1812,1998,126
1813,1998,37
1814,1998,90
1815,1998,127
1816,1998,2
1817,1998,53
1818,1998,92
1819,1998,17
1820,1998,56
1821,1998,107
1822,1998,20
1823,1998,71
1824,1998,110
1825,1998,35
1826,1998,74
1827,1998,125
1828,1998,38
1829,1998,89
1830,1998,128
1831,1998,3
1832,1998,52
1833,1998,93
1834,1998,16
1835,1998,57
1836,1998,106
1837,1998,21
1838,1998,70
1839,1998,111
1840,1998,34
1841,1998,75
1842,1998,124
1843,1998,39
1844,1998,88
1845,1998,129
1846,1998,4
1847,1998,51
1848,1998,94
1849,1998,15
1850,1998,58
1851,1998,105
1852,1998,22
1853,1998,69
1854,1998,112
1855,1998,33
1856,1998,76
1857,1998,123
1858,1998,40
1859,1998,87
1860,1998,130
1861,1998,5
1862,1998,50
1863,1998,95
1864,1998,14
1865,1998,59
1866,1998,104
1867,1998,23
1868,1998,68
1869,1998,113
1870,1998,32
1871,1998,77
1872,1998,122
1873,1998,41
1874,1998,86
1875,1998,131
1876,1998,6
1877,1998,49
1878,1998,96
1879,1998,13
1880,1998,60
1881,1998,103
1882,1998,24
1883,1998,67
1884,1998,114
1885,1998,31
1886,1998,78
1887,1998,121
1888,1998,42
1889,1998,85
1890,1998,132
1891,1999,4
1892,1999,51
1893,1999,94
1894,1999,15
1895,1999,58
1896,1999,105
1897,1999,22
1898,1999,69
1899,1999,112
1900,1999,33
1901,1999,76
1902,1999,123
1903,1999,40
1904,1999,87
1905,1999,130
1906,1999,5
1907,1999,50
1908,1999,95
1909,1999,14
1910,1999,59
1911,1999,104
1912,1999,23
1913,1999,68
1914,1999,113
1915,1999,32
1916,1999,77
1917,1999,122
1918,1999,41
1919,1999,86
1920,1999,131
1921,1999,6
1922,1999,49
1923,1999,96
1924,1999,13
1925,1999,60
1926,1999,103
1927,1999,24
1928,1999,67
1929,1999,114
1930,1999,31
1931,1999,78
1932,1999,121
1933,1999,42
1934,1999,85
1935,1999,132
1936,1999,138
1937,1999,181
1938,1999,205
1939,1999,145
1940,1999,186
1941,1999,222
1942,1999,150
1943,1999,169
1944,1999,198
1945,1999,157
1946,1999,193
1947,1999,217
1948,1999,162
1949,1999,174
1950,1999,210
1951,1999,139
1952,1999,180
1953,1999,204
1954,1999,144
1955,1999,187
1956,1999,223
1957,1999,151
1958,1999,168
1959,1999,199
1960,1999,156
1961,1999,192
1962,1999,216
1963,1999,163
1964,1999,175
1965,1999,211
1966,1999,7
1967,1999,48
1968,1999,97
1969,1999,12
1970,1999,61
1971,1999,102
1972,1999,25
1973,1999,66
1974,1999,115
1975,1999,30
1976,1999,79
1977,1999,120
1978,1999,43
1979,1999,84
1980,1999,133
1981,1999,8
1982,1999,47
1983,1999,98
1984,1999,11
1985,1999,62
1986,1999,101
1987,1999,26
1988,1999,65
1989,1999,116
1990,1999,29
1991,1999,80
1992,1999,119
1993,1999,44
1994,1999,83
1995,1999,134
1996,1999,9
1997,1999,46
1998,1999,99
1999,1999,10
2000,1999,63
2001,1999,100
2002,1999,27
2003,1999,64
2004,1999,117
2005,1999,28
2006,1999,81
2007,1999,118
2008,1999,45
2009,1999,82
2010,1999,135
2011,1999,140
2012,1999,179
2013,1999,203
2014,1999,143
2015,1999,188
2016,1999,224
2017,1999,152
2018,1999,167
2019,1999,200
2020,1999,155
2021,1999,191
2022,1999,215
2023,1999,164
2024,1999,176
2025,1999,212
2026,1999,141
2027,1999,178
2028,1999,202
2029,1999,142
2030,1999,189
2031,1999,225
2032,1999,153
2033,1999,166
2034,1999,201
2035,1999,154
2036,1999,190
2037,1999,214
2038,1999,165
2039,1999,177
2040,1999,213
2041,1999,1
2042,1999,54
2043,1999,91
2044,1999,18
2045,1999,55
2046,1999,108
2047,1999,19
2048,1999,72
2049,1999,109
2050,1999,36
2051,1999,73
2052,1999,126
2053,1999,37
2054,1999,90
2055,1999,127
2056,1999,2
2057,1999,53
2058,1999,92
2059,1999,17
2060,1999,56
2061,1999,107
2062,1999,20
2063,1999,71
2064,1999,110
2065,1999,35
2066,1999,74
2067,1999,125
2068,1999,38
2069,1999,89
2070,1999,128
2071,1999,3
2072,1999,52
2073,1999,93
2074,1999,16
2075,1999,57
2076,1999,106
2077,1999,21
2078,1999,70
2079,1999,111
2080,1999,34
2081,1999,75
2082,1999,124
2083,1999,39
2084,1999,88
2085,1999,129
2086,1999,136
2087,1999,183
2088,1999,207
2089,1999,147
2090,1999,184
2091,1999,220
2092,1999,148
2093,1999,171
2094,1999,196
2095,1999,159
2096,1999,195
2097,1999,219
2098,1999,160
2099,1999,172
2100,1999,208
2101,1999,137
2102,1999,182
2103,1999,206
2104,1999,146
2105,1999,185
2106,1999,221
2107,1999,149
2108,1999,170
2109,1999,197
2110,1999,158
2111,1999,194
2112,1999,218
2113,1999,161
2114,1999,173
2115,1999,209
2116,2000,1
2117,2000,54
2118,2000,91
2119,2000,18
2120,2000,55
2121,2000,108
2122,2000,19
2123,2000,72
2124,2000,109
2125,2000,36
2126,2000,73
2127,2000,126
2128,2000,37
2129,2000,90
2130,2000,127
2131,2000,2
2132,2000,53
2133,2000,92
2134,2000,17
2135,2000,56
2136,2000,107
2137,2000,20
2138,2000,71
2139,2000,110
2140,2000,35
2141,2000,74
2142,2000,125
2143,2000,38
2144,2000,89
2145,2000,128
2146,2000,3
2147,2000,52
2148,2000,93
2149,2000,16
2150,2000,57
2151,2000,106
2152,2000,21
2153,2000,70
2154,2000,111
2155,2000,34
2156,2000,75
2157,2000,124
2158,2000,39
2159,2000,88
2160,2000,129
2161,2000,136
2162,2000,183
2163,2000,207
2164,2000,147
2165,2000,184
2166,2000,220
2167,2000,148
2168,2000,171
2169,2000,196
2170,2000,159
2171,2000,195
2172,2000,219
2173,2000,160
2174,2000,172
2175,2000,208
2176,2000,137
2177,2000,182
2178,2000,206
2179,2000,146
2180,2000,185
2181,2000,221
2182,2000,149
2183,2000,170
2184,2000,197
2185,2000,158
2186,2000,194
2187,2000,218
2188,2000,161
2189,2000,173
2190,2000,209
2191,2000,4
2192,2000,51
2193,2000,94
2194,2000,15
2195,2000,58
2196,2000,105
2197,2000,22
2198,2000,69
2199,2000,112
2200,2000,33
2201,2000,76
2202,2000,123
2203,2000,40
2204,2000,87
2205,2000,130
2206,2000,5
2207,2000,50
2208,2000,95
2209,2000,14
2210,2000,59
2211,2000,104
2212,2000,23
2213,2000,68
2214,2000,113
2215,2000,32
2216,2000,77
2217,2000,122
2218,2000,41
2219,2000,86
2220,2000,131
2221,2000,6
2222,2000,49
2223,2000,96
2224,2000,13
2225,2000,60
2226,2000,103
2227,2000,24
2228,2000,67
2229,2000,114
2230,2000,31
2231,2000,78
2232,2000,121
2233,2000,42
2234,2000,85
2235,2000,132
2236,2000,138
2237,2000,181
2238,2000,205
2239,2000,145
2240,2000,186
2241,2000,222
2242,2000,150
2243,2000,169
2244,2000,198
2245,2000,157
2246,2000,193
2247,2000,217
2248,2000,162
2249,2000,174
2250,2000,210
2251,2000,139
2252,2000,180
2253,2000,204
2254,2000,144
2255,2000,187
2256,2000,223
2257,2000,151
2258,2000,168
2259,2000,199
2260,2000,156
2261,2000,192
2262,2000,216
2263,2000,163
2264,2000,175
2265,2000,211
2266,2000,7
2267,2000,48
2268,2000,97
2269,2000,12
2270,2000,61
2271,2000,102
2272,2000,25
2273,2000,66
2274,2000,115
2275,2000,30
2276,2000,79
2277,2000,120
2278,2000,43
2279,2000,84
2280,2000,133
2281,2000,8
2282,2000,47
2283,2000,98
2284,2000,11
2285,2000,62
2286,2000,101
2287,2000,26
2288,2000,65
2289,2000,116
2290,2000,29
2291,2000,80
2292,2000,119
2293,2000,44
2294,2000,83
2295,2000,134
2296,2000,9
2297,2000,46
2298,2000,99
2299,2000,10
2300,2000,63
2301,2000,100
2302,2000,27
2303,2000,64
2304,2000,117
2305,2000,28
2306,2000,81
2307,2000,118
2308,2000,45
2309,2000,82
2310,2000,135
2311,2000,140
2312,2000,179
2313,2000,203
2314,2000,143
2315,2000,188
2316,2000,224
2317,2000,152
2318,2000,167
2319,2000,200
2320,2000,155
2321,2000,191
2322,2000,215
2323,2000,164
2324,2000,176
2325,2000,212
2326,2000,141
2327,2000,178
2328,2000,202
2329,2000,142
2330,2000,189
2331,2000,225
2332,2000,153
2333,2000,166
2334,2000,201
2335,2000,154
2336,2000,190
2337,2000,214
2338,2000,165
2339,2000,177
2340,2000,213
2341,2001,7
2342,2001,48
2343,2001,97
2344,2001,12
2345,2001,61
2346,2001,102
2347,2001,25
2348,2001,66
2349,2001,115
2350,2001,30
2351,2001,79
2352,2001,120
2353,2001,43
2354,2001,84
2355,2001,133
2356,2001,8
2357,2001,47
2358,2001,98
2359,2001,11
2360,2001,62
2361,2001,101
2362,2001,26
2363,2001,65
2364,2001,116
2365,2001,29
2366,2001,80
2367,2001,119
2368,2001,44
2369,2001,83
2370,2001,134
2371,2001,9
2372,2001,46
2373,2001,99
2374,2001,10
2375,2001,63
2376,2001,100
2377,2001,27
2378,2001,64
2379,2001,117
2380,2001,28
2381,2001,81
2382,2001,118
2383,2001,45
2384,2001,82
2385,2001,135
2386,2001,140
2387,2001,179
2388,2001,203
2389,2001,143
2390,2001,188
2391,2001,224
2392,2001,152
2393,2001,167
2394,2001,200
2395,2001,155
2396,2001,191
2397,2001,215
2398,2001,164
2399,2001,176
2400,2001,212
2401,2001,141
2402,2001,178
2403,2001,202
2404,2001,142
2405,2001,189
2406,2001,225
2407,2001,153
2408,2001,166
2409,2001,201
2410,2001,154
2411,2001,190
2412,2001,214
2413,2001,165
2414,2001,177
2415,2001,213
2416,2001,1
2417,2001,54
2418,2001,91
2419,2001,18
2420,2001,55
2421,2001,108
2422,2001,19
2423,2001,72
2424,2001,109
2425,2001,36
2426,2001,73
2427,2001,126
2428,2001,37
2429,2001,90
2430,2001,127
2431,2001,2
2432,2001,53
2433,2001,92
2434,2001,17
2435,2001,56
2436,2001,107
2437,2001,20
2438,2001,71
2439,2001,110
2440,2001,35
2441,2001,74
2442,2001,125
2443,2001,38
2444,2001,89
2445,2001,128
2446,2001,3
2447,2001,52
2448,2001,93
2449,2001,16
2450,2001,57
2451,2001,106
2452,2001,21
2453,2001,70
2454,2001,111
2455,2001,34
2456,2001,75
2457,2001,124
2458,2001,39
2459,2001,88
2460,2001,129
2461,2001,136
2462,2001,183
2463,2001,207
2464,2001,147
2465,2001,184
2466,2001,220
2467,2001,148
2468,2001,171
2469,2001,196
2470,2001,159
2471,2001,195
2472,2001,219
2473,2001,160
2474,2001,172
2475,2001,208
2476,2001,137
2477,2001,182
2478,2001,206
2479,2001,146
2480,2001,185
2481,2001,221
2482,2001,149
2483,2001,170
2484,2001,197
2485,2001,158
2486,2001,194
2487,2001,218
2488,2001,161
2489,2001,173
2490,2001,209
2491,2001,4
2492,2001,51
2493,2001,94
2494,2001,15
2495,2001,58
2496,2001,105
2497,2001,22
2498,2001,69
2499,2001,112
2500,2001,33
2501,2001,76
2502,2001,123
2503,2001,40
2504,2001,87
2505,2001,130
2506,2001,5
2507,2001,50
2508,2001,95
2509,2001,14
2510,2001,59
2511,2001,104
2512,2001,23
2513,2001,68
2514,2001,113
2515,2001,32
2516,2001,77
2517,2001,122
2518,2001,41
2519,2001,86
2520,2001,131
2521,2001,6
2522,2001,49
2523,2001,96
2524,2001,13
2525,2001,60
2526,2001,103
2527,2001,24
2528,2001,67
2529,2001,114
2530,2001,31
2531,2001,78
2532,2001,121
2533,2001,42
2534,2001,85
2535,2001,132
2536,2001,138
2537,2001,181
2538,2001,205
2539,2001,145
2540,2001,186
2541,2001,222
2542,2001,150
2543,2001,169
2544,2001,198
2545,2001,157
2546,2001,193
2547,2001,217
2548,2001,162
2549,2001,174
2550,2001,210
2551,2001,139
2552,2001,180
2553,2001,204
2554,2001,144
2555,2001,187
2556,2001,223
2557,2001,151
2558,2001,168
2559,2001,199
2560,2001,156
2561,2001,192
2562,2001,216
2563,2001,163
2564,2001,175
2565,2001,211
2566,2002,4
2567,2002,51
2568,2002,94
2569,2002,15
2570,2002,58
2571,2002,105
2572,2002,22
2573,2002,69
2574,2002,112
2575,2002,33
2576,2002,76
2577,2002,123
2578,2002,40
2579,2002,87
2580,2002,130
2581,2002,5
2582,2002,50
2583,2002,95
2584,2002,14
2585,2002,59
2586,2002,104
2587,2002,23
2588,2002,68
2589,2002,113
2590,2002,32
2591,2002,77
2592,2002,122
2593,2002,41
2594,2002,86
2595,2002,131
2596,2002,6
2597,2002,49
2598,2002,96
2599,2002,13
2600,2002,60
2601,2002,103
2602,2002,24
2603,2002,67
2604,2002,114
2605,2002,31
2606,2002,78
2607,2002,121
2608,2002,42
2609,2002,85
2610,2002,132
2611,2002,138
2612,2002,181
2613,2002,205
2614,2002,145
2615,2002,186
2616,2002,222
2617,2002,150
2618,2002,169
2619,2002,198
2620,2002,157
2621,2002,193
2622,2002,217
2623,2002,162
2624,2002,174
2625,2002,210
2626,2002,139
2627,2002,180
2628,2002,204
2629,2002,144
2630,2002,187
2631,2002,223
2632,2002,151
2633,2002,168
2634,2002,199
2635,2002,156
2636,2002,192
2637,2002,216
2638,2002,163
2639,2002,175
2640,2002,211
2641,2002,7
2642,2002,48
2643,2002,97
2644,2002,12
2645,2002,61
2646,2002,102
2647,2002,25
2648,2002,66
2649,2002,115
2650,2002,30
2651,2002,79
2652,2002,120
2653,2002,43
2654,2002,84
2655,2002,133
2656,2002,8
2657,2002,47
2658,2002,98
2659,2002,11
2660,2002,62
2661,2002,101
2662,2002,26
2663,2002,65
2664,2002,116
2665,2002,29
2666,2002,80
2667,2002,119
2668,2002,44
2669,2002,83
2670,2002,134
2671,2002,9
2672,2002,46
2673,2002,99
2674,2002,10
2675,2002,63
2676,2002,100
2677,2002,27
2678,2002,64
2679,2002,117
2680,2002,28
2681,2002,81
2682,2002,118
2683,2002,45
2684,2002,82
2685,2002,135
2686,2002,140
2687,2002,179
2688,2002,203
2689,2002,143
2690,2002,188
2691,2002,224
2692,2002,152
2693,2002,167
2694,2002,200
2695,2002,155
2696,2002,191
2697,2002,215
2698,2002,164
2699,2002,176
2700,2002,212
2701,2002,141
2702,2002,178
2703,2002,202
2704,2002,142
2705,2002,189
2706,2002,225
2707,2002,153
2708,2002,166
2709,2002,201
2710,2002,154
2711,2002,190
2712,2002,214
2713,2002,165
2714,2002,177
2715,2002,213
2716,2002,1
2717,2002,54
2718,2002,91
2719,2002,18
2720,2002,55
2721,2002,108
2722,2002,19
2723,2002,72
2724,2002,109
2725,2002,36
2726,2002,73
2727,2002,126
2728,2002,37
2729,2002,90
2730,2002,127
2731,2002,2
2732,2002,53
2733,2002,92
2734,2002,17
2735,2002,56
2736,2002,107
2737,2002,20
2738,2002,71
2739,2002,110
2740,2002,35
2741,2002,74
2742,2002,125
2743,2002,38
2744,2002,89
2745,2002,128
2746,2002,3
2747,2002,52
2748,2002,93
2749,2002,16
2750,2002,57
2751,2002,106
2752,2002,21
2753,2002,70
2754,2002,111
2755,2002,34
2756,2002,75
2757,2002,124
2758,2002,39
2759,2002,88
2760,2002,129
2761,2002,136
2762,2002,183
2763,2002,207
2764,2002,147
2765,2002,184
2766,2002,220
2767,2002,148
2768,2002,171
2769,2002,196
2770,2002,159
2771,2002,195
2772,2002,219
2773,2002,160
2774,2002,172
2775,2002,208
2776,2002,137
2777,2002,182
2778,2002,206
2779,2002,146
2780,2002,185
2781,2002,221
2782,2002,149
2783,2002,170
2784,2002,197
2785,2002,158
2786,2002,194
2787,2002,218
2788,2002,161
2789,2002,173
2790,2002,209
2791,2003,1
2792,2003,54
2793,2003,91
2794,2003,18
2795,2003,55
2796,2003,108
2797,2003,19
2798,2003,72
2799,2003,109
2800,2003,36
2801,2003,73
2802,2003,126
2803,2003,37
2804,2003,90
2805,2003,127
2806,2003,2
2807,2003,53
2808,2003,92
2809,2003,17
2810,2003,56
2811,2003,107
2812,2003,20
2813,2003,71
2814,2003,110
2815,2003,35
2816,2003,74
2817,2003,125
2818,2003,38
2819,2003,89
2820,2003,128
2821,2003,3
2822,2003,52
2823,2003,93
2824,2003,16
2825,2003,57
2826,2003,106
2827,2003,21
2828,2003,70
2829,2003,111
2830,2003,34
2831,2003,75
2832,2003,124
2833,2003,39
2834,2003,88
2835,2003,129
2836,2003,136
2837,2003,183
2838,2003,207
2839,2003,147
2840,2003,184
2841,2003,220
2842,2003,148
2843,2003,171
2844,2003,196
2845,2003,159
2846,2003,195
2847,2003,219
2848,2003,160
2849,2003,172
2850,2003,208
2851,2003,137
2852,2003,182
2853,2003,206
2854,2003,146
2855,2003,185
2856,2003,221
2857,2003,149
2858,2003,170
2859,2003,197
2860,2003,158
2861,2003,194
2862,2003,218
2863,2003,161
2864,2003,173
2865,2003,209
2866,2003,4
2867,2003,51
2868,2003,94
2869,2003,15
2870,2003,58
2871,2003,105
2872,2003,22
2873,2003,69
2874,2003,112
2875,2003,33
2876,2003,76
2877,2003,123
2878,2003,40
2879,2003,87
2880,2003,130
2881,2003,5
2882,2003,50
2883,2003,95
2884,2003,14
2885,2003,59
2886,2003,104
2887,2003,23
2888,2003,68
2889,2003,113
2890,2003,32
2891,2003,77
2892,2003,122
2893,2003,41
2894,2003,86
2895,2003,131
2896,2003,6
2897,2003,49
2898,2003,96
2899,2003,13
2900,2003,60
2901,2003,103
2902,2003,24
2903,2003,67
2904,2003,114
2905,2003,31
2906,2003,78
2907,2003,121
2908,2003,42
2909,2003,85
2910,2003,132
2911,2003,138
2912,2003,181
2913,2003,205
2914,2003,145
2915,2003,186
2916,2003,222
2917,2003,150
2918,2003,169
2919,2003,198
2920,2003,157
2921,2003,193
2922,2003,217
2923,2003,162
2924,2003,174
2925,2003,210
2926,2003,139
2927,2003,180
2928,2003,204
2929,2003,144
2930,2003,187
2931,2003,223
2932,2003,151
2933,2003,168
2934,2003,199
2935,2003,156
2936,2003,192
2937,2003,216
2938,2003,163
2939,2003,175
2940,2003,211
2941,2003,7
2942,2003,48
2943,2003,97
2944,2003,12
2945,2003,61
2946,2003,102
2947,2003,25
2948,2003,66
2949,2003,115
2950,2003,30
2951,2003,79
2952,2003,120
2953,2003,43
2954,2003,84
2955,2003,133
2956,2003,8
2957,2003,47
2958,2003,98
2959,2003,11
2960,2003,62
2961,2003,101
2962,2003,26
2963,2003,65
2964,2003,116
2965,2003,29
2966,2003,80
2967,2003,119
2968,2003,44
2969,2003,83
2970,2003,134
2971,2003,9
2972,2003,46
2973,2003,99
2974,2003,10
2975,2003,63
2976,2003,100
2977,2003,27
2978,2003,64
2979,2003,117
2980,2003,28
2981,2003,81
2982,2003,118
2983,2003,45
2984,2003,82
2985,2003,135
2986,2003,140
2987,2003,179
2988,2003,203
2989,2003,143
2990,2003,188
2991,2003,224
2992,2003,152
2993,2003,167
2994,2003,200
2995,2003,155
2996,2003,191
2997,2003,215
2998,2003,164
2999,2003,176
3000,2003,212
3001,2003,141
3002,2003,178
3003,2003,202
3004,2003,142
3005,2003,189
3006,2003,225
3007,2003,153
3008,2003,166
3009,2003,201
3010,2003,154
3011,2003,190
3012,2003,214
3013,2003,165
3014,2003,177
3015,2003,213
3016,2004,7
3017,2004,48
3018,2004,97
3019,2004,12
3020,2004,61
3021,2004,102
3022,2004,25
3023,2004,66
3024,2004,115
3025,2004,30
3026,2004,79
3027,2004,120
3028,2004,43
3029,2004,84
3030,2004,133
3031,2004,8
3032,2004,47
3033,2004,98
3034,2004,11
3035,2004,62
3036,2004,101
3037,2004,26
3038,2004,65
3039,2004,116
3040,2004,29
3041,2004,80
3042,2004,119
3043,2004,44
3044,2004,83
3045,2004,134
3046,2004,9
3047,2004,46
3048,2004,99
3049,2004,10
3050,2004,63
3051,2004,100
3052,2004,27
3053,2004,64
3054,2004,117
3055,2004,28
3056,2004,81
3057,2004,118
3058,2004,45
3059,2004,82
3060,2004,135
3061,2004,140
3062,2004,179
3063,2004,203
3064,2004,143
3065,2004,188
3066,2004,224
3067,2004,152
3068,2004,167
3069,2004,200
3070,2004,155
3071,2004,191
3072,2004,215
3073,2004,164
3074,2004,176
3075,2004,212
3076,2004,141
3077,2004,178
3078,2004,202
3079,2004,142
3080,2004,189
3081,2004,225
3082,2004,153
3083,2004,166
3084,2004,201
3085,2004,154
3086,2004,190
3087,2004,214
3088,2004,165
3089,2004,177
3090,2004,213
3091,2004,1
3092,2004,54
3093,2004,91
3094,2004,18
3095,2004,55
3096,2004,108
3097,2004,19
3098,2004,72
3099,2004,109
3100,2004,36
3101,2004,73
3102,2004,126
3103,2004,37
3104,2004,90
3105,2004,127
3106,2004,2
3107,2004,53
3108,2004,92
3109,2004,17
3110,2004,56
3111,2004,107
3112,2004,20
3113,2004,71
3114,2004,110
3115,2004,35
3116,2004,74
3117,2004,125
3118,2004,38
3119,2004,89
3120,2004,128
3121,2004,3
3122,2004,52
3123,2004,93
3124,2004,16
3125,2004,57
3126,2004,106
3127,2004,21
3128,2004,70
3129,2004,111
3130,2004,34
3131,2004,75
3132,2004,124
3133,2004,39
3134,2004,88
3135,2004,129
3136,2004,136
3137,2004,183
3138,2004,207
3139,2004,147
3140,2004,184
3141,2004,220
3142,2004,148
3143,2004,171
3144,2004,196
3145,2004,159
3146,2004,195
3147,2004,219
3148,2004,160
3149,2004,172
3150,2004,208
3151,2004,137
3152,2004,182
3153,2004,206
3154,2004,146
3155,2004,185
3156,2004,221
3157,2004,149
3158,2004,170
3159,2004,197
3160,2004,158
3161,2004,194
3162,2004,218
3163,2004,161
3164,2004,173
3165,2004,209
3166,2004,4
3167,2004,51
3168,2004,94
3169,2004,15
3170,2004,58
3171,2004,105
3172,2004,22
3173,2004,69
3174,2004,112
3175,2004,33
3176,2004,76
3177,2004,123
3178,2004,40
3179,2004,87
3180,2004,130
3181,2004,5
3182,2004,50
3183,2004,95
3184,2004,14
3185,2004,59
3186,2004,104
3187,2004,23
3188,2004,68
3189,2004,113
3190,2004,32
3191,2004,77
3192,2004,122
3193,2004,41
3194,2004,86
3195,2004,131
3196,2004,6
3197,2004,49
3198,2004,96
3199,2004,13
3200,2004,60
3201,2004,103
3202,2004,24
3203,2004,67
3204,2004,114
3205,2004,31
3206,2004,78
3207,2004,121
3208,2004,42
3209,2004,85
3210,2004,132
3211,2004,138
3212,2004,181
3213,2004,205
3214,2004,145
3215,2004,186
3216,2004,222
3217,2004,150
3218,2004,169
3219,2004,198
3220,2004,157
3221,2004,193
3222,2004,217
3223,2004,162
3224,2004,174
3225,2004,210
3226,2004,139
3227,2004,180
3228,2004,204
3229,2004,144
3230,2004,187
3231,2004,223
3232,2004,151
3233,2004,168
3234,2004,199
3235,2004,156
3236,2004,192
3237,2004,216
3238,2004,163
3239,2004,175
3240,2004,211
3241,2005,4
3242,2005,51
3243,2005,94
3244,2005,15
3245,2005,58
3246,2005,105
3247,2005,22
3248,2005,69
3249,2005,112
3250,2005,33
3251,2005,76
3252,2005,123
3253,2005,40
3254,2005,87
3255,2005,130
3256,2005,5
3257,2005,50
3258,2005,95
3259,2005,14
3260,2005,59
3261,2005,104
3262,2005,23
3263,2005,68
3264,2005,113
3265,2005,32
3266,2005,77
3267,2005,122
3268,2005,41
3269,2005,86
3270,2005,131
3271,2005,6
3272,2005,49
3273,2005,96
3274,2005,13
3275,2005,60
3276,2005,103
3277,2005,24
3278,2005,67
3279,2005,114
3280,2005,31
3281,2005,78
3282,2005,121
3283,2005,42
3284,2005,85
3285,2005,132
3286,2005,138
3287,2005,181
3288,2005,205
3289,2005,145
3290,2005,186
3291,2005,222
3292,2005,150
3293,2005,169
3294,2005,198
3295,2005,157
3296,2005,193
3297,2005,217
3298,2005,162
3299,2005,174
3300,2005,210
3301,2005,139
3302,2005,180
3303,2005,204
3304,2005,144
3305,2005,187
3306,2005,223
3307,2005,151
3308,2005,168
3309,2005,199
3310,2005,156
3311,2005,192
3312,2005,216
3313,2005,163
3314,2005,175
3315,2005,211
3316,2005,7
3317,2005,48
3318,2005,97
3319,2005,12
3320,2005,61
3321,2005,102
3322,2005,25
3323,2005,66
3324,2005,115
3325,2005,30
3326,2005,79
3327,2005,120
3328,2005,43
3329,2005,84
3330,2005,133
3331,2005,8
3332,2005,47
3333,2005,98
3334,2005,11
3335,2005,62
3336,2005,101
3337,2005,26
3338,2005,65
3339,2005,116
3340,2005,29
3341,2005,80
3342,2005,119
3343,2005,44
3344,2005,83
3345,2005,134
3346,2005,9
3347,2005,46
3348,2005,99
3349,2005,10
3350,2005,63
3351,2005,100
3352,2005,27
3353,2005,64
3354,2005,117
3355,2005,28
3356,2005,81
3357,2005,118
3358,2005,45
3359,2005,82
3360,2005,135
3361,2005,140
3362,2005,179
3363,2005,203
3364,2005,143
3365,2005,188
3366,2005,224
3367,2005,152
3368,2005,167
3369,2005,200
3370,2005,155
3371,2005,191
3372,2005,215
3373,2005,164
3374,2005,176
3375,2005,212
3376,2005,141
3377,2005,178
3378,2005,202
3379,2005,142
3380,2005,189
3381,2005,225
3382,2005,153
3383,2005,166
3384,2005,201
3385,2005,154
3386,2005,190
3387,2005,214
3388,2005,165
3389,2005,177
3390,2005,213
3391,2005,1
3392,2005,54
3393,2005,91
3394,2005,18
3395,2005,55
3396,2005,108
3397,2005,19
3398,2005,72
3399,2005,109
3400,2005,36
3401,2005,73
3402,2005,126
3403,2005,37
3404,2005,90
3405,2005,127
3406,2005,2
3407,2005,53
3408,2005,92
3409,2005,17
3410,2005,56
3411,2005,107
3412,2005,20
3413,2005,71
3414,2005,110
3415,2005,35
3416,2005,74
3417,2005,125
3418,2005,38
3419,2005,89
3420,2005,128
3421,2005,3
3422,2005,52
3423,2005,93
3424,2005,16
3425,2005,57
3426,2005,106
3427,2005,21
3428,2005,70
3429,2005,111
3430,2005,34
3431,2005,75
3432,2005,124
3433,2005,39
3434,2005,88
3435,2005,129
3436,2005,136
3437,2005,183
3438,2005,207
3439,2005,147
3440,2005,184
3441,2005,220
3442,2005,148
3443,2005,171
3444,2005,196
3445,2005,159
3446,2005,195
3447,2005,219
3448,2005,160
3449,2005,172
3450,2005,208
3451,2005,137
3452,2005,182
3453,2005,206
3454,2005,146
3455,2005,185
3456,2005,221
3457,2005,149
3458,2005,170
3459,2005,197
3460,2005,158
3461,2005,194
3462,2005,218
3463,2005,161
3464,2005,173
3465,2005,209
3466,2006,1
3467,2006,54
3468,2006,91
3469,2006,18
3470,2006,55
3471,2006,108
3472,2006,19
3473,2006,72
3474,2006,109
3475,2006,36
3476,2006,73
3477,2006,126
3478,2006,37
3479,2006,90
3480,2006,127
3481,2006,2
3482,2006,53
3483,2006,92
3484,2006,17
3485,2006,56
3486,2006,107
3487,2006,20
3488,2006,71
3489,2006,110
3490,2006,35
3491,2006,74
3492,2006,125
3493,2006,38
3494,2006,89
3495,2006,128
3496,2006,3
3497,2006,52
3498,2006,93
3499,2006,16
3500,2006,57
3501,2006,106
3502,2006,21
3503,2006,70
3504,2006,111
3505,2006,34
3506,2006,75
3507,2006,124
3508,2006,39
3509,2006,88
3510,2006,129
3511,2006,136
3512,2006,183
3513,2006,207
3514,2006,147
3515,2006,184
3516,2006,220
3517,2006,148
3518,2006,171
3519,2006,196
3520,2006,159
3521,2006,195
3522,2006,219
3523,2006,160
3524,2006,172
3525,2006,208
3526,2006,137
3527,2006,182
3528,2006,206
3529,2006,146
3530,2006,185
3531,2006,221
3532,2006,149
3533,2006,170
3534,2006,197
3535,2006,158
3536,2006,194
3537,2006,218
3538,2006,161
3539,2006,173
3540,2006,209
3541,2006,4
3542,2006,51
3543,2006,94
3544,2006,15
3545,2006,58
3546,2006,105
3547,2006,22
3548,2006,69
3549,2006,112
3550,2006,33
3551,2006,76
3552,2006,123
3553,2006,40
3554,2006,87
3555,2006,130
3556,2006,5
3557,2006,50
3558,2006,95
3559,2006,14
3560,2006,59
3561,2006,104
3562,2006,23
3563,2006,68
3564,2006,113
3565,2006,32
3566,2006,77
3567,2006,122
3568,2006,41
3569,2006,86
3570,2006,131
3571,2006,6
3572,2006,49
3573,2006,96
3574,2006,13
3575,2006,60
3576,2006,103
3577,2006,24
3578,2006,67
3579,2006,114
3580,2006,31
3581,2006,78
3582,2006,121
3583,2006,42
3584,2006,85
3585,2006,132
3586,2006,138
3587,2006,181
3588,2006,205
3589,2006,145
3590,2006,186
3591,2006,222
3592,2006,150
3593,2006,169
3594,2006,198
3595,2006,157
3596,2006,193
3597,2006,217
3598,2006,162
3599,2006,174
3600,2006,210
3601,2006,139
3602,2006,180
3603,2006,204
3604,2006,144
3605,2006,187
3606,2006,223
3607,2006,151
3608,2006,168
3609,2006,199
3610,2006,156
3611,2006,192
3612,2006,216
3613,2006,163
3614,2006,175
3615,2006,211
3616,2006,7
3617,2006,48
3618,2006,97
3619,2006,12
3620,2006,61
3621,2006,102
3622,2006,25
3623,2006,66
3624,2006,115
3625,2006,30
3626,2006,79
3627,2006,120
3628,2006,43
3629,2006,84
3630,2006,133
3631,2006,8
3632,2006,47
3633,2006,98
3634,2006,11
3635,2006,62
3636,2006,101
3637,2006,26
3638,2006,65
3639,2006,116
3640,2006,29
3641,2006,80
3642,2006,119
3643,2006,44
3644,2006,83
3645,2006,134
3646,2006,9
3647,2006,46
3648,2006,99
3649,2006,10
3650,2006,63
3651,2006,100
3652,2006,27
3653,2006,64
3654,2006,117
3655,2006,28
3656,2006,81
3657,2006,118
3658,2006,45
3659,2006,82
3660,2006,135
3661,2006,140
3662,2006,179
3663,2006,203
3664,2006,143
3665,2006,188
3666,2006,224
3667,2006,152
3668,2006,167
3669,2006,200
3670,2006,155
3671,2006,191
3672,2006,215
3673,2006,164
3674,2006,176
3675,2006,212
3676,2006,141
3677,2006,178
3678,2006,202
3679,2006,142
3680,2006,189
3681,2006,225
3682,2006,153
3683,2006,166
3684,2006,201
3685,2006,154
3686,2006,190
3687,2006,214
3688,2006,165
3689,2006,177
3690,2006,213
3691,2007,7
3692,2007,48
3693,2007,97
3694,2007,12
3695,2007,61
3696,2007,102
3697,2007,25
3698,2007,66
3699,2007,115
3700,2007,30
3701,2007,79
3702,2007,120
3703,2007,43
3704,2007,84
3705,2007,133
3706,2007,8
3707,2007,47
3708,2007,98
3709,2007,11
3710,2007,62
3711,2007,101
3712,2007,26
3713,2007,65
3714,2007,116
3715,2007,29
3716,2007,80
3717,2007,119
3718,2007,44
3719,2007,83
3720,2007,134
3721,2007,9
3722,2007,46
3723,2007,99
3724,2007,10
3725,2007,63
3726,2007,100
3727,2007,27
3728,2007,64
3729,2007,117
3730,2007,28
3731,2007,81
3732,2007,118
3733,2007,45
3734,2007,82
3735,2007,135
3736,2007,140
3737,2007,179
3738,2007,203
3739,2007,143
3740,2007,188
3741,2007,224
3742,2007,152
3743,2007,167
3744,2007,200
3745,2007,155
3746,2007,191
3747,2007,215
3748,2007,164
3749,2007,176
3750,2007,212
3751,2007,141
3752,2007,178
3753,2007,202
3754,2007,142
3755,2007,189
3756,2007,225
3757,2007,153
3758,2007,166
3759,2007,201
3760,2007,154
3761,2007,190
3762,2007,214
3763,2007,165
3764,2007,177
3765,2007,213
3766,2007,1
3767,2007,54
3768,2007,91
3769,2007,18
3770,2007,55
3771,2007,108
3772,2007,19
3773,2007,72
3774,2007,109
3775,2007,36
3776,2007,73
3777,2007,126
3778,2007,37
3779,2007,90
3780,2007,127
3781,2007,2
3782,2007,53
3783,2007,92
3784,2007,17
3785,2007,56
3786,2007,107
3787,2007,20
3788,2007,71
3789,2007,110
3790,2007,35
3791,2007,74
3792,2007,125
3793,2007,38
3794,2007,89
3795,2007,128
3796,2007,3
3797,2007,52
3798,2007,93
3799,2007,16
3800,2007,57
3801,2007,106
3802,2007,21
3803,2007,70
3804,2007,111
3805,2007,34
3806,2007,75
3807,2007,124
3808,2007,39
3809,2007,88
3810,2007,129
3811,2007,136
3812,2007,183
3813,2007,207
3814,2007,147
3815,2007,184
3816,2007,220
3817,2007,148
3818,2007,171
3819,2007,196
3820,2007,159
3821,2007,195
3822,2007,219
3823,2007,160
3824,2007,172
3825,2007,208
3826,2007,137
3827,2007,182
3828,2007,206
3829,2007,146
3830,2007,185
3831,2007,221
3832,2007,149
3833,2007,170
3834,2007,197
3835,2007,158
3836,2007,194
3837,2007,218
3838,2007,161
3839,2007,173
3840,2007,209
3841,2007,4
3842,2007,51
3843,2007,94
3844,2007,15
3845,2007,58
3846,2007,105
3847,2007,22
3848,2007,69
3849,2007,112
3850,2007,33
3851,2007,76
3852,2007,123
3853,2007,40
3854,2007,87
3855,2007,130
3856,2007,5
3857,2007,50
3858,2007,95
3859,2007,14
3860,2007,59
3861,2007,104
3862,2007,23
3863,2007,68
3864,2007,113
3865,2007,32
3866,2007,77
3867,2007,122
3868,2007,41
3869,2007,86
3870,2007,131
3871,2007,6
3872,2007,49
3873,2007,96
3874,2007,13
3875,2007,60
3876,2007,103
3877,2007,24
3878,2007,67
3879,2007,114
3880,2007,31
3881,2007,78
3882,2007,121
3883,2007,42
3884,2007,85
3885,2007,132
3886,2007,138
3887,2007,181
3888,2007,205
3889,2007,145
3890,2007,186
3891,2007,222
3892,2007,150
3893,2007,169
3894,2007,198
3895,2007,157
3896,2007,193
3897,2007,217
3898,2007,162
3899,2007,174
3900,2007,210
3901,2007,139
3902,2007,180
3903,2007,204
3904,2007,144
3905,2007,187
3906,2007,223
3907,2007,151
3908,2007,168
3909,2007,199
3910,2007,156
3911,2007,192
3912,2007,216
3913,2007,163
3914,2007,175
3915,2007,211
3916,2008,4
3917,2008,51
3918,2008,94
3919,2008,15
3920,2008,58
3921,2008,105
3922,2008,22
3923,2008,69
3924,2008,112
3925,2008,33
3926,2008,76
3927,2008,123
3928,2008,40
3929,2008,87
3930,2008,130
3931,2008,5
3932,2008,50
3933,2008,95
3934,2008,14
3935,2008,59
3936,2008,104
3937,2008,23
3938,2008,68
3939,2008,113
3940,2008,32
3941,2008,77
3942,2008,122
3943,2008,41
3944,2008,86
3945,2008,131
3946,2008,6
3947,2008,49
3948,2008,96
3949,2008,13
3950,2008,60
3951,2008,103
3952,2008,24
3953,2008,67
3954,2008,114
3955,2008,31
3956,2008,78
3957,2008,121
3958,2008,42
3959,2008,85
3960,2008,132
3961,2008,138
3962,2008,181
3963,2008,205
3964,2008,145
3965,2008,186
3966,2008,222
3967,2008,150
3968,2008,169
3969,2008,198
3970,2008,157
3971,2008,193
3972,2008,217
3973,2008,162
3974,2008,174
3975,2008,210
3976,2008,139
3977,2008,180
3978,2008,204
3979,2008,144
3980,2008,187
3981,2008,223
3982,2008,151
3983,2008,168
3984,2008,199
3985,2008,156
3986,2008,192
3987,2008,216
3988,2008,163
3989,2008,175
3990,2008,211
3991,2008,7
3992,2008,48
3993,2008,97
3994,2008,12
3995,2008,61
3996,2008,102
3997,2008,25
3998,2008,66
3999,2008,115
4000,2008,30
4001,2008,79
4002,2008,120
4003,2008,43
4004,2008,84
4005,2008,133
4006,2008,8
4007,2008,47
4008,2008,98
4009,2008,11
4010,2008,62
4011,2008,101
4012,2008,26
4013,2008,65
4014,2008,116
4015,2008,29
4016,2008,80
4017,2008,119
4018,2008,44
4019,2008,83
4020,2008,134
4021,2008,9
4022,2008,46
4023,2008,99
4024,2008,10
4025,2008,63
4026,2008,100
4027,2008,27
4028,2008,64
4029,2008,117
4030,2008,28
4031,2008,81
4032,2008,118
4033,2008,45
4034,2008,82
4035,2008,135
4036,2008,140
4037,2008,179
4038,2008,203
4039,2008,143
4040,2008,188
4041,2008,224
4042,2008,152
4043,2008,167
4044,2008,200
4045,2008,155
4046,2008,191
4047,2008,215
4048,2008,164
4049,2008,176
4050,2008,212
4051,2008,141
4052,2008,178
4053,2008,202
4054,2008,142
4055,2008,189
4056,2008,225
4057,2008,153
4058,2008,166
4059,2008,201
4060,2008,154
4061,2008,190
4062,2008,214
4063,2008,165
4064,2008,177
4065,2008,213
4066,2008,1
4067,2008,54
4068,2008,91
4069,2008,18
4070,2008,55
4071,2008,108
4072,2008,19
4073,2008,72
4074,2008,109
4075,2008,36
4076,2008,73
4077,2008,126
4078,2008,37
4079,2008,90
4080,2008,127
4081,2008,2
4082,2008,53
4083,2008,92
4084,2008,17
4085,2008,56
4086,2008,107
4087,2008,20
4088,2008,71
4089,2008,110
4090,2008,35
4091,2008,74
4092,2008,125
4093,2008,38
4094,2008,89
4095,2008,128
4096,2008,3
4097,2008,52
4098,2008,93
4099,2008,16
4100,2008,57
4101,2008,106
4102,2008,21
4103,2008,70
4104,2008,111
4105,2008,34
4106,2008,75
4107,2008,124
4108,2008,39
4109,2008,88
4110,2008,129
4111,2008,136
4112,2008,183
4113,2008,207
4114,2008,147
4115,2008,184
4116,2008,220
4117,2008,148
4118,2008,171
4119,2008,196
4120,2008,159
4121,2008,195
4122,2008,219
4123,2008,160
4124,2008,172
4125,2008,208
4126,2008,137
4127,2008,182
4128,2008,206
4129,2008,146
4130,2008,185
4131,2008,221
4132,2008,149
4133,2008,170
4134,2008,197
4135,2008,158
4136,2008,194
4137,2008,218
4138,2008,161
4139,2008,173
4140,2008,209
4141,2009,1
4142,2009,54
4143,2009,91
4144,2009,18
4145,2009,55
4146,2009,108
4147,2009,19
4148,2009,72
4149,2009,109
4150,2009,36
4151,2009,73
4152,2009,126
4153,2009,37
4154,2009,90
4155,2009,127
4156,2009,2
4157,2009,53
4158,2009,92
4159,2009,17
4160,2009,56
4161,2009,107
4162,2009,20
4163,2009,71
4164,2009,110
4165,2009,35
4166,2009,74
4167,2009,125
4168,2009,38
4169,2009,89
4170,2009,128
4171,2009,3
4172,2009,52
4173,2009,93
4174,2009,16
4175,2009,57
4176,2009,106
4177,2009,21
4178,2009,70
4179,2009,111
4180,2009,34
4181,2009,75
4182,2009,124
4183,2009,39
4184,2009,88
4185,2009,129
4186,2009,136
4187,2009,183
4188,2009,207
4189,2009,147
4190,2009,184
4191,2009,220
4192,2009,148
4193,2009,171
4194,2009,196
4195,2009,159
4196,2009,195
4197,2009,219
4198,2009,160
4199,2009,172
4200,2009,208
4201,2009,137
4202,2009,182
4203,2009,206
4204,2009,146
4205,2009,185
4206,2009,221
4207,2009,149
4208,2009,170
4209,2009,197
4210,2009,158
4211,2009,194
4212,2009,218
4213,2009,161
4214,2009,173
4215,2009,209
4216,2009,4
4217,2009,51
4218,2009,94
4219,2009,15
4220,2009,58
4221,2009,105
4222,2009,22
4223,2009,69
4224,2009,112
4225,2009,33
4226,2009,76
4227,2009,123
4228,2009,40
4229,2009,87
4230,2009,130
4231,2009,5
4232,2009,50
4233,2009,95
4234,2009,14
4235,2009,59
4236,2009,104
4237,2009,23
4238,2009,68
4239,2009,113
4240,2009,32
4241,2009,77
4242,2009,122
4243,2009,41
4244,2009,86
4245,2009,131
4246,2009,6
4247,2009,49
4248,2009,96
4249,2009,13
4250,2009,60
4251,2009,103
4252,2009,24
4253,2009,67
4254,2009,114
4255,2009,31
4256,2009,78
4257,2009,121
4258,2009,42
4259,2009,85
4260,2009,132
4261,2009,138
4262,2009,181
4263,2009,205
4264,2009,145
4265,2009,186
4266,2009,222
4267,2009,150
4268,2009,169
4269,2009,198
4270,2009,157
4271,2009,193
4272,2009,217
4273,2009,162
4274,2009,174
4275,2009,210
4276,2009,139
4277,2009,180
4278,2009,204
4279,2009,144
4280,2009,187
4281,2009,223
4282,2009,151
4283,2009,168
4284,2009,199
4285,2009,156
4286,2009,192
4287,2009,216
4288,2009,163
4289,2009,175
4290,2009,211
4291,2009,7
4292,2009,48
4293,2009,97
4294,2009,12
4295,2009,61
4296,2009,102
4297,2009,25
4298,2009,66
4299,2009,115
4300,2009,30
4301,2009,79
4302,2009,120
4303,2009,43
4304,2009,84
4305,2009,133
4306,2009,8
4307,2009,47
4308,2009,98
4309,2009,11
4310,2009,62
4311,2009,101
4312,2009,26
4313,2009,65
4314,2009,116
4315,2009,29
4316,2009,80
4317,2009,119
4318,2009,44
4319,2009,83
4320,2009,134
4321,2009,9
4322,2009,46
4323,2009,99
4324,2009,10
4325,2009,63
4326,2009,100
4327,2009,27
4328,2009,64
4329,2009,117
4330,2009,28
4331,2009,81
4332,2009,118
4333,2009,45
4334,2009,82
4335,2009,135
4336,2009,140
4337,2009,179
4338,2009,203
4339,2009,143
4340,2009,188
4341,2009,224
4342,2009,152
4343,2009,167
4344,2009,200
4345,2009,155
4346,2009,191
4347,2009,215
4348,2009,164
4349,2009,176
4350,2009,212
4351,2009,141
4352,2009,178
4353,2009,202
4354,2009,142
4355,2009,189
4356,2009,225
4357,2009,153
4358,2009,166
4359,2009,201
4360,2009,154
4361,2009,190
4362,2009,214
4363,2009,165
4364,2009,177
4365,2009,213
