Versuchsaufbau_ID,Versuchsjahr,Parzelle_ID,Kultur_ID,Pruefglied_ID
1,1985,1,6,1
2,1985,54,6,1
3,1985,91,6,1
4,1985,18,6,2
5,1985,55,6,2
6,1985,108,6,2
7,1985,19,6,3
8,1985,72,6,3
9,1985,109,6,3
10,1985,36,6,4
11,1985,73,6,4
12,1985,126,6,4
13,1985,37,6,5
14,1985,90,6,5
15,1985,127,6,5
16,1985,2,6,6
17,1985,53,6,6
18,1985,92,6,6
19,1985,17,6,7
20,1985,56,6,7
21,1985,107,6,7
22,1985,20,6,8
23,1985,71,6,8
24,1985,110,6,8
25,1985,35,6,9
26,1985,74,6,9
27,1985,125,6,9
28,1985,38,6,10
29,1985,89,6,10
30,1985,128,6,10
31,1985,3,6,11
32,1985,52,6,11
33,1985,93,6,11
34,1985,16,6,12
35,1985,57,6,12
36,1985,106,6,12
37,1985,21,6,13
38,1985,70,6,13
39,1985,111,6,13
40,1985,34,6,14
41,1985,75,6,14
42,1985,124,6,14
43,1985,39,6,15
44,1985,88,6,15
45,1985,129,6,15
46,1985,4,5,1
47,1985,51,5,1
48,1985,94,5,1
49,1985,15,5,2
50,1985,58,5,2
51,1985,105,5,2
52,1985,22,5,3
53,1985,69,5,3
54,1985,112,5,3
55,1985,33,5,4
56,1985,76,5,4
57,1985,123,5,4
58,1985,40,5,5
59,1985,87,5,5
60,1985,130,5,5
61,1985,5,5,6
62,1985,50,5,6
63,1985,95,5,6
64,1985,14,5,7
65,1985,59,5,7
66,1985,104,5,7
67,1985,23,5,8
68,1985,68,5,8
69,1985,113,5,8
70,1985,32,5,9
71,1985,77,5,9
72,1985,122,5,9
73,1985,41,5,10
74,1985,86,5,10
75,1985,131,5,10
76,1985,6,5,11
77,1985,49,5,11
78,1985,96,5,11
79,1985,13,5,12
80,1985,60,5,12
81,1985,103,5,12
82,1985,24,5,13
83,1985,67,5,13
84,1985,114,5,13
85,1985,31,5,14
86,1985,78,5,14
87,1985,121,5,14
88,1985,42,5,15
89,1985,85,5,15
90,1985,132,5,15
91,1985,7,4,1
92,1985,48,4,1
93,1985,97,4,1
94,1985,12,4,2
95,1985,61,4,2
96,1985,102,4,2
97,1985,25,4,3
98,1985,66,4,3
99,1985,115,4,3
100,1985,30,4,4
101,1985,79,4,4
102,1985,120,4,4
103,1985,43,4,5
104,1985,84,4,5
105,1985,133,4,5
106,1985,8,4,6
107,1985,47,4,6
108,1985,98,4,6
109,1985,11,4,7
110,1985,62,4,7
111,1985,101,4,7
112,1985,26,4,8
113,1985,65,4,8
114,1985,116,4,8
115,1985,29,4,9
116,1985,80,4,9
117,1985,119,4,9
118,1985,44,4,10
119,1985,83,4,10
120,1985,134,4,10
121,1985,9,4,11
122,1985,46,4,11
123,1985,99,4,11
124,1985,10,4,12
125,1985,63,4,12
126,1985,100,4,12
127,1985,27,4,13
128,1985,64,4,13
129,1985,117,4,13
130,1985,28,4,14
131,1985,81,4,14
132,1985,118,4,14
133,1985,45,4,15
134,1985,82,4,15
135,1985,135,4,15
136,1986,7,6,1
137,1986,48,6,1
138,1986,97,6,1
139,1986,12,6,2
140,1986,61,6,2
141,1986,102,6,2
142,1986,25,6,3
143,1986,66,6,3
144,1986,115,6,3
145,1986,30,6,4
146,1986,79,6,4
147,1986,120,6,4
148,1986,43,6,5
149,1986,84,6,5
150,1986,133,6,5
151,1986,8,6,6
152,1986,47,6,6
153,1986,98,6,6
154,1986,11,6,7
155,1986,62,6,7
156,1986,101,6,7
157,1986,26,6,8
158,1986,65,6,8
159,1986,116,6,8
160,1986,29,6,9
161,1986,80,6,9
162,1986,119,6,9
163,1986,44,6,10
164,1986,83,6,10
165,1986,134,6,10
166,1986,9,6,11
167,1986,46,6,11
168,1986,99,6,11
169,1986,10,6,12
170,1986,63,6,12
171,1986,100,6,12
172,1986,27,6,13
173,1986,64,6,13
174,1986,117,6,13
175,1986,28,6,14
176,1986,81,6,14
177,1986,118,6,14
178,1986,45,6,15
179,1986,82,6,15
180,1986,135,6,15
181,1986,1,5,1
182,1986,54,5,1
183,1986,91,5,1
184,1986,18,5,2
185,1986,55,5,2
186,1986,108,5,2
187,1986,19,5,3
188,1986,72,5,3
189,1986,109,5,3
190,1986,36,5,4
191,1986,73,5,4
192,1986,126,5,4
193,1986,37,5,5
194,1986,90,5,5
195,1986,127,5,5
196,1986,2,5,6
197,1986,53,5,6
198,1986,92,5,6
199,1986,17,5,7
200,1986,56,5,7
201,1986,107,5,7
202,1986,20,5,8
203,1986,71,5,8
204,1986,110,5,8
205,1986,35,5,9
206,1986,74,5,9
207,1986,125,5,9
208,1986,38,5,10
209,1986,89,5,10
210,1986,128,5,10
211,1986,3,5,11
212,1986,52,5,11
213,1986,93,5,11
214,1986,16,5,12
215,1986,57,5,12
216,1986,106,5,12
217,1986,21,5,13
218,1986,70,5,13
219,1986,111,5,13
220,1986,34,5,14
221,1986,75,5,14
222,1986,124,5,14
223,1986,39,5,15
224,1986,88,5,15
225,1986,129,5,15
226,1986,4,4,1
227,1986,51,4,1
228,1986,94,4,1
229,1986,15,4,2
230,1986,58,4,2
231,1986,105,4,2
232,1986,22,4,3
233,1986,69,4,3
234,1986,112,4,3
235,1986,33,4,4
236,1986,76,4,4
237,1986,123,4,4
238,1986,40,4,5
239,1986,87,4,5
240,1986,130,4,5
241,1986,5,4,6
242,1986,50,4,6
243,1986,95,4,6
244,1986,14,4,7
245,1986,59,4,7
246,1986,104,4,7
247,1986,23,4,8
248,1986,68,4,8
249,1986,113,4,8
250,1986,32,4,9
251,1986,77,4,9
252,1986,122,4,9
253,1986,41,4,10
254,1986,86,4,10
255,1986,131,4,10
256,1986,6,4,11
257,1986,49,4,11
258,1986,96,4,11
259,1986,13,4,12
260,1986,60,4,12
261,1986,103,4,12
262,1986,24,4,13
263,1986,67,4,13
264,1986,114,4,13
265,1986,31,4,14
266,1986,78,4,14
267,1986,121,4,14
268,1986,42,4,15
269,1986,85,4,15
270,1986,132,4,15
271,1987,4,6,1
272,1987,51,6,1
273,1987,94,6,1
274,1987,15,6,2
275,1987,58,6,2
276,1987,105,6,2
277,1987,22,6,3
278,1987,69,6,3
279,1987,112,6,3
280,1987,33,6,4
281,1987,76,6,4
282,1987,123,6,4
283,1987,40,6,5
284,1987,87,6,5
285,1987,130,6,5
286,1987,5,6,6
287,1987,50,6,6
288,1987,95,6,6
289,1987,14,6,7
290,1987,59,6,7
291,1987,104,6,7
292,1987,23,6,8
293,1987,68,6,8
294,1987,113,6,8
295,1987,32,6,9
296,1987,77,6,9
297,1987,122,6,9
298,1987,41,6,10
299,1987,86,6,10
300,1987,131,6,10
301,1987,6,6,11
302,1987,49,6,11
303,1987,96,6,11
304,1987,13,6,12
305,1987,60,6,12
306,1987,103,6,12
307,1987,24,6,13
308,1987,67,6,13
309,1987,114,6,13
310,1987,31,6,14
311,1987,78,6,14
312,1987,121,6,14
313,1987,42,6,15
314,1987,85,6,15
315,1987,132,6,15
316,1987,7,5,1
317,1987,48,5,1
318,1987,97,5,1
319,1987,12,5,2
320,1987,61,5,2
321,1987,102,5,2
322,1987,25,5,3
323,1987,66,5,3
324,1987,115,5,3
325,1987,30,5,4
326,1987,79,5,4
327,1987,120,5,4
328,1987,43,5,5
329,1987,84,5,5
330,1987,133,5,5
331,1987,8,5,6
332,1987,47,5,6
333,1987,98,5,6
334,1987,11,5,7
335,1987,62,5,7
336,1987,101,5,7
337,1987,26,5,8
338,1987,65,5,8
339,1987,116,5,8
340,1987,29,5,9
341,1987,80,5,9
342,1987,119,5,9
343,1987,44,5,10
344,1987,83,5,10
345,1987,134,5,10
346,1987,9,5,11
347,1987,46,5,11
348,1987,99,5,11
349,1987,10,5,12
350,1987,63,5,12
351,1987,100,5,12
352,1987,27,5,13
353,1987,64,5,13
354,1987,117,5,13
355,1987,28,5,14
356,1987,81,5,14
357,1987,118,5,14
358,1987,45,5,15
359,1987,82,5,15
360,1987,135,5,15
361,1987,1,4,1
362,1987,54,4,1
363,1987,91,4,1
364,1987,18,4,2
365,1987,55,4,2
366,1987,108,4,2
367,1987,19,4,3
368,1987,72,4,3
369,1987,109,4,3
370,1987,36,4,4
371,1987,73,4,4
372,1987,126,4,4
373,1987,37,4,5
374,1987,90,4,5
375,1987,127,4,5
376,1987,2,4,6
377,1987,53,4,6
378,1987,92,4,6
379,1987,17,4,7
380,1987,56,4,7
381,1987,107,4,7
382,1987,20,4,8
383,1987,71,4,8
384,1987,110,4,8
385,1987,35,4,9
386,1987,74,4,9
387,1987,125,4,9
388,1987,38,4,10
389,1987,89,4,10
390,1987,128,4,10
391,1987,3,4,11
392,1987,52,4,11
393,1987,93,4,11
394,1987,16,4,12
395,1987,57,4,12
396,1987,106,4,12
397,1987,21,4,13
398,1987,70,4,13
399,1987,111,4,13
400,1987,34,4,14
401,1987,75,4,14
402,1987,124,4,14
403,1987,39,4,15
404,1987,88,4,15
405,1987,129,4,15
406,1988,1,6,1
407,1988,54,6,1
408,1988,91,6,1
409,1988,18,6,2
410,1988,55,6,2
411,1988,108,6,2
412,1988,19,6,3
413,1988,72,6,3
414,1988,109,6,3
415,1988,36,6,4
416,1988,73,6,4
417,1988,126,6,4
418,1988,37,6,5
419,1988,90,6,5
420,1988,127,6,5
421,1988,2,6,6
422,1988,53,6,6
423,1988,92,6,6
424,1988,17,6,7
425,1988,56,6,7
426,1988,107,6,7
427,1988,20,6,8
428,1988,71,6,8
429,1988,110,6,8
430,1988,35,6,9
431,1988,74,6,9
432,1988,125,6,9
433,1988,38,6,10
434,1988,89,6,10
435,1988,128,6,10
436,1988,3,6,11
437,1988,52,6,11
438,1988,93,6,11
439,1988,16,6,12
440,1988,57,6,12
441,1988,106,6,12
442,1988,21,6,13
443,1988,70,6,13
444,1988,111,6,13
445,1988,34,6,14
446,1988,75,6,14
447,1988,124,6,14
448,1988,39,6,15
449,1988,88,6,15
450,1988,129,6,15
451,1988,4,5,1
452,1988,51,5,1
453,1988,94,5,1
454,1988,15,5,2
455,1988,58,5,2
456,1988,105,5,2
457,1988,22,5,3
458,1988,69,5,3
459,1988,112,5,3
460,1988,33,5,4
461,1988,76,5,4
462,1988,123,5,4
463,1988,40,5,5
464,1988,87,5,5
465,1988,130,5,5
466,1988,5,5,6
467,1988,50,5,6
468,1988,95,5,6
469,1988,14,5,7
470,1988,59,5,7
471,1988,104,5,7
472,1988,23,5,8
473,1988,68,5,8
474,1988,113,5,8
475,1988,32,5,9
476,1988,77,5,9
477,1988,122,5,9
478,1988,41,5,10
479,1988,86,5,10
480,1988,131,5,10
481,1988,6,5,11
482,1988,49,5,11
483,1988,96,5,11
484,1988,13,5,12
485,1988,60,5,12
486,1988,103,5,12
487,1988,24,5,13
488,1988,67,5,13
489,1988,114,5,13
490,1988,31,5,14
491,1988,78,5,14
492,1988,121,5,14
493,1988,42,5,15
494,1988,85,5,15
495,1988,132,5,15
496,1988,7,4,1
497,1988,48,4,1
498,1988,97,4,1
499,1988,12,4,2
500,1988,61,4,2
501,1988,102,4,2
502,1988,25,4,3
503,1988,66,4,3
504,1988,115,4,3
505,1988,30,4,4
506,1988,79,4,4
507,1988,120,4,4
508,1988,43,4,5
509,1988,84,4,5
510,1988,133,4,5
511,1988,8,4,6
512,1988,47,4,6
513,1988,98,4,6
514,1988,11,4,7
515,1988,62,4,7
516,1988,101,4,7
517,1988,26,4,8
518,1988,65,4,8
519,1988,116,4,8
520,1988,29,4,9
521,1988,80,4,9
522,1988,119,4,9
523,1988,44,4,10
524,1988,83,4,10
525,1988,134,4,10
526,1988,9,4,11
527,1988,46,4,11
528,1988,99,4,11
529,1988,10,4,12
530,1988,63,4,12
531,1988,100,4,12
532,1988,27,4,13
533,1988,64,4,13
534,1988,117,4,13
535,1988,28,4,14
536,1988,81,4,14
537,1988,118,4,14
538,1988,45,4,15
539,1988,82,4,15
540,1988,135,4,15
541,1989,7,6,1
542,1989,48,6,1
543,1989,97,6,1
544,1989,12,6,2
545,1989,61,6,2
546,1989,102,6,2
547,1989,25,6,3
548,1989,66,6,3
549,1989,115,6,3
550,1989,30,6,4
551,1989,79,6,4
552,1989,120,6,4
553,1989,43,6,5
554,1989,84,6,5
555,1989,133,6,5
556,1989,8,6,6
557,1989,47,6,6
558,1989,98,6,6
559,1989,11,6,7
560,1989,62,6,7
561,1989,101,6,7
562,1989,26,6,8
563,1989,65,6,8
564,1989,116,6,8
565,1989,29,6,9
566,1989,80,6,9
567,1989,119,6,9
568,1989,44,6,10
569,1989,83,6,10
570,1989,134,6,10
571,1989,9,6,11
572,1989,46,6,11
573,1989,99,6,11
574,1989,10,6,12
575,1989,63,6,12
576,1989,100,6,12
577,1989,27,6,13
578,1989,64,6,13
579,1989,117,6,13
580,1989,28,6,14
581,1989,81,6,14
582,1989,118,6,14
583,1989,45,6,15
584,1989,82,6,15
585,1989,135,6,15
586,1989,1,5,1
587,1989,54,5,1
588,1989,91,5,1
589,1989,18,5,2
590,1989,55,5,2
591,1989,108,5,2
592,1989,19,5,3
593,1989,72,5,3
594,1989,109,5,3
595,1989,36,5,4
596,1989,73,5,4
597,1989,126,5,4
598,1989,37,5,5
599,1989,90,5,5
600,1989,127,5,5
601,1989,2,5,6
602,1989,53,5,6
603,1989,92,5,6
604,1989,17,5,7
605,1989,56,5,7
606,1989,107,5,7
607,1989,20,5,8
608,1989,71,5,8
609,1989,110,5,8
610,1989,35,5,9
611,1989,74,5,9
612,1989,125,5,9
613,1989,38,5,10
614,1989,89,5,10
615,1989,128,5,10
616,1989,3,5,11
617,1989,52,5,11
618,1989,93,5,11
619,1989,16,5,12
620,1989,57,5,12
621,1989,106,5,12
622,1989,21,5,13
623,1989,70,5,13
624,1989,111,5,13
625,1989,34,5,14
626,1989,75,5,14
627,1989,124,5,14
628,1989,39,5,15
629,1989,88,5,15
630,1989,129,5,15
631,1989,4,4,1
632,1989,51,4,1
633,1989,94,4,1
634,1989,15,4,2
635,1989,58,4,2
636,1989,105,4,2
637,1989,22,4,3
638,1989,69,4,3
639,1989,112,4,3
640,1989,33,4,4
641,1989,76,4,4
642,1989,123,4,4
643,1989,40,4,5
644,1989,87,4,5
645,1989,130,4,5
646,1989,5,4,6
647,1989,50,4,6
648,1989,95,4,6
649,1989,14,4,7
650,1989,59,4,7
651,1989,104,4,7
652,1989,23,4,8
653,1989,68,4,8
654,1989,113,4,8
655,1989,32,4,9
656,1989,77,4,9
657,1989,122,4,9
658,1989,41,4,10
659,1989,86,4,10
660,1989,131,4,10
661,1989,6,4,11
662,1989,49,4,11
663,1989,96,4,11
664,1989,13,4,12
665,1989,60,4,12
666,1989,103,4,12
667,1989,24,4,13
668,1989,67,4,13
669,1989,114,4,13
670,1989,31,4,14
671,1989,78,4,14
672,1989,121,4,14
673,1989,42,4,15
674,1989,85,4,15
675,1989,132,4,15
676,1990,4,6,1
677,1990,51,6,1
678,1990,94,6,1
679,1990,15,6,2
680,1990,58,6,2
681,1990,105,6,2
682,1990,22,6,3
683,1990,69,6,3
684,1990,112,6,3
685,1990,33,6,4
686,1990,76,6,4
687,1990,123,6,4
688,1990,40,6,5
689,1990,87,6,5
690,1990,130,6,5
691,1990,5,6,6
692,1990,50,6,6
693,1990,95,6,6
694,1990,14,6,7
695,1990,59,6,7
696,1990,104,6,7
697,1990,23,6,8
698,1990,68,6,8
699,1990,113,6,8
700,1990,32,6,9
701,1990,77,6,9
702,1990,122,6,9
703,1990,41,6,10
704,1990,86,6,10
705,1990,131,6,10
706,1990,6,6,11
707,1990,49,6,11
708,1990,96,6,11
709,1990,13,6,12
710,1990,60,6,12
711,1990,103,6,12
712,1990,24,6,13
713,1990,67,6,13
714,1990,114,6,13
715,1990,31,6,14
716,1990,78,6,14
717,1990,121,6,14
718,1990,42,6,15
719,1990,85,6,15
720,1990,132,6,15
721,1990,7,5,1
722,1990,48,5,1
723,1990,97,5,1
724,1990,12,5,2
725,1990,61,5,2
726,1990,102,5,2
727,1990,25,5,3
728,1990,66,5,3
729,1990,115,5,3
730,1990,30,5,4
731,1990,79,5,4
732,1990,120,5,4
733,1990,43,5,5
734,1990,84,5,5
735,1990,133,5,5
736,1990,8,5,6
737,1990,47,5,6
738,1990,98,5,6
739,1990,11,5,7
740,1990,62,5,7
741,1990,101,5,7
742,1990,26,5,8
743,1990,65,5,8
744,1990,116,5,8
745,1990,29,5,9
746,1990,80,5,9
747,1990,119,5,9
748,1990,44,5,10
749,1990,83,5,10
750,1990,134,5,10
751,1990,9,5,11
752,1990,46,5,11
753,1990,99,5,11
754,1990,10,5,12
755,1990,63,5,12
756,1990,100,5,12
757,1990,27,5,13
758,1990,64,5,13
759,1990,117,5,13
760,1990,28,5,14
761,1990,81,5,14
762,1990,118,5,14
763,1990,45,5,15
764,1990,82,5,15
765,1990,135,5,15
766,1990,1,4,1
767,1990,54,4,1
768,1990,91,4,1
769,1990,18,4,2
770,1990,55,4,2
771,1990,108,4,2
772,1990,19,4,3
773,1990,72,4,3
774,1990,109,4,3
775,1990,36,4,4
776,1990,73,4,4
777,1990,126,4,4
778,1990,37,4,5
779,1990,90,4,5
780,1990,127,4,5
781,1990,2,4,6
782,1990,53,4,6
783,1990,92,4,6
784,1990,17,4,7
785,1990,56,4,7
786,1990,107,4,7
787,1990,20,4,8
788,1990,71,4,8
789,1990,110,4,8
790,1990,35,4,9
791,1990,74,4,9
792,1990,125,4,9
793,1990,38,4,10
794,1990,89,4,10
795,1990,128,4,10
796,1990,3,4,11
797,1990,52,4,11
798,1990,93,4,11
799,1990,16,4,12
800,1990,57,4,12
801,1990,106,4,12
802,1990,21,4,13
803,1990,70,4,13
804,1990,111,4,13
805,1990,34,4,14
806,1990,75,4,14
807,1990,124,4,14
808,1990,39,4,15
809,1990,88,4,15
810,1990,129,4,15
811,1991,1,6,1
812,1991,54,6,1
813,1991,91,6,1
814,1991,18,6,2
815,1991,55,6,2
816,1991,108,6,2
817,1991,19,6,3
818,1991,72,6,3
819,1991,109,6,3
820,1991,36,6,4
821,1991,73,6,4
822,1991,126,6,4
823,1991,37,6,5
824,1991,90,6,5
825,1991,127,6,5
826,1991,2,6,6
827,1991,53,6,6
828,1991,92,6,6
829,1991,17,6,7
830,1991,56,6,7
831,1991,107,6,7
832,1991,20,6,8
833,1991,71,6,8
834,1991,110,6,8
835,1991,35,6,9
836,1991,74,6,9
837,1991,125,6,9
838,1991,38,6,10
839,1991,89,6,10
840,1991,128,6,10
841,1991,3,6,11
842,1991,52,6,11
843,1991,93,6,11
844,1991,16,6,12
845,1991,57,6,12
846,1991,106,6,12
847,1991,21,6,13
848,1991,70,6,13
849,1991,111,6,13
850,1991,34,6,14
851,1991,75,6,14
852,1991,124,6,14
853,1991,39,6,15
854,1991,88,6,15
855,1991,129,6,15
856,1991,4,5,1
857,1991,51,5,1
858,1991,94,5,1
859,1991,15,5,2
860,1991,58,5,2
861,1991,105,5,2
862,1991,22,5,3
863,1991,69,5,3
864,1991,112,5,3
865,1991,33,5,4
866,1991,76,5,4
867,1991,123,5,4
868,1991,40,5,5
869,1991,87,5,5
870,1991,130,5,5
871,1991,5,5,6
872,1991,50,5,6
873,1991,95,5,6
874,1991,14,5,7
875,1991,59,5,7
876,1991,104,5,7
877,1991,23,5,8
878,1991,68,5,8
879,1991,113,5,8
880,1991,32,5,9
881,1991,77,5,9
882,1991,122,5,9
883,1991,41,5,10
884,1991,86,5,10
885,1991,131,5,10
886,1991,6,5,11
887,1991,49,5,11
888,1991,96,5,11
889,1991,13,5,12
890,1991,60,5,12
891,1991,103,5,12
892,1991,24,5,13
893,1991,67,5,13
894,1991,114,5,13
895,1991,31,5,14
896,1991,78,5,14
897,1991,121,5,14
898,1991,42,5,15
899,1991,85,5,15
900,1991,132,5,15
901,1991,7,4,1
902,1991,48,4,1
903,1991,97,4,1
904,1991,12,4,2
905,1991,61,4,2
906,1991,102,4,2
907,1991,25,4,3
908,1991,66,4,3
909,1991,115,4,3
910,1991,30,4,4
911,1991,79,4,4
912,1991,120,4,4
913,1991,43,4,5
914,1991,84,4,5
915,1991,133,4,5
916,1991,8,4,6
917,1991,47,4,6
918,1991,98,4,6
919,1991,11,4,7
920,1991,62,4,7
921,1991,101,4,7
922,1991,26,4,8
923,1991,65,4,8
924,1991,116,4,8
925,1991,29,4,9
926,1991,80,4,9
927,1991,119,4,9
928,1991,44,4,10
929,1991,83,4,10
930,1991,134,4,10
931,1991,9,4,11
932,1991,46,4,11
933,1991,99,4,11
934,1991,10,4,12
935,1991,63,4,12
936,1991,100,4,12
937,1991,27,4,13
938,1991,64,4,13
939,1991,117,4,13
940,1991,28,4,14
941,1991,81,4,14
942,1991,118,4,14
943,1991,45,4,15
944,1991,82,4,15
945,1991,135,4,15
946,1992,7,6,1
947,1992,48,6,1
948,1992,97,6,1
949,1992,12,6,2
950,1992,61,6,2
951,1992,102,6,2
952,1992,25,6,3
953,1992,66,6,3
954,1992,115,6,3
955,1992,30,6,4
956,1992,79,6,4
957,1992,120,6,4
958,1992,43,6,5
959,1992,84,6,5
960,1992,133,6,5
961,1992,8,6,6
962,1992,47,6,6
963,1992,98,6,6
964,1992,11,6,7
965,1992,62,6,7
966,1992,101,6,7
967,1992,26,6,8
968,1992,65,6,8
969,1992,116,6,8
970,1992,29,6,9
971,1992,80,6,9
972,1992,119,6,9
973,1992,44,6,10
974,1992,83,6,10
975,1992,134,6,10
976,1992,9,6,11
977,1992,46,6,11
978,1992,99,6,11
979,1992,10,6,12
980,1992,63,6,12
981,1992,100,6,12
982,1992,27,6,13
983,1992,64,6,13
984,1992,117,6,13
985,1992,28,6,14
986,1992,81,6,14
987,1992,118,6,14
988,1992,45,6,15
989,1992,82,6,15
990,1992,135,6,15
991,1992,1,5,1
992,1992,54,5,1
993,1992,91,5,1
994,1992,18,5,2
995,1992,55,5,2
996,1992,108,5,2
997,1992,19,5,3
998,1992,72,5,3
999,1992,109,5,3
1000,1992,36,5,4
1001,1992,73,5,4
1002,1992,126,5,4
1003,1992,37,5,5
1004,1992,90,5,5
1005,1992,127,5,5
1006,1992,2,5,6
1007,1992,53,5,6
1008,1992,92,5,6
1009,1992,17,5,7
1010,1992,56,5,7
1011,1992,107,5,7
1012,1992,20,5,8
1013,1992,71,5,8
1014,1992,110,5,8
1015,1992,35,5,9
1016,1992,74,5,9
1017,1992,125,5,9
1018,1992,38,5,10
1019,1992,89,5,10
1020,1992,128,5,10
1021,1992,3,5,11
1022,1992,52,5,11
1023,1992,93,5,11
1024,1992,16,5,12
1025,1992,57,5,12
1026,1992,106,5,12
1027,1992,21,5,13
1028,1992,70,5,13
1029,1992,111,5,13
1030,1992,34,5,14
1031,1992,75,5,14
1032,1992,124,5,14
1033,1992,39,5,15
1034,1992,88,5,15
1035,1992,129,5,15
1036,1992,1,3,1
1037,1992,54,3,1
1038,1992,91,3,1
1039,1992,18,3,2
1040,1992,55,3,2
1041,1992,108,3,2
1042,1992,19,3,3
1043,1992,72,3,3
1044,1992,109,3,3
1045,1992,36,3,4
1046,1992,73,3,4
1047,1992,126,3,4
1048,1992,37,3,5
1049,1992,90,3,5
1050,1992,127,3,5
1051,1992,2,3,6
1052,1992,53,3,6
1053,1992,92,3,6
1054,1992,17,3,7
1055,1992,56,3,7
1056,1992,107,3,7
1057,1992,20,3,8
1058,1992,71,3,8
1059,1992,110,3,8
1060,1992,35,3,9
1061,1992,74,3,9
1062,1992,125,3,9
1063,1992,38,3,10
1064,1992,89,3,10
1065,1992,128,3,10
1066,1992,3,3,11
1067,1992,52,3,11
1068,1992,93,3,11
1069,1992,16,3,12
1070,1992,57,3,12
1071,1992,106,3,12
1072,1992,21,3,13
1073,1992,70,3,13
1074,1992,111,3,13
1075,1992,34,3,14
1076,1992,75,3,14
1077,1992,124,3,14
1078,1992,39,3,15
1079,1992,88,3,15
1080,1992,129,3,15
1081,1992,4,4,1
1082,1992,51,4,1
1083,1992,94,4,1
1084,1992,15,4,2
1085,1992,58,4,2
1086,1992,105,4,2
1087,1992,22,4,3
1088,1992,69,4,3
1089,1992,112,4,3
1090,1992,33,4,4
1091,1992,76,4,4
1092,1992,123,4,4
1093,1992,40,4,5
1094,1992,87,4,5
1095,1992,130,4,5
1096,1992,5,4,6
1097,1992,50,4,6
1098,1992,95,4,6
1099,1992,14,4,7
1100,1992,59,4,7
1101,1992,104,4,7
1102,1992,23,4,8
1103,1992,68,4,8
1104,1992,113,4,8
1105,1992,32,4,9
1106,1992,77,4,9
1107,1992,122,4,9
1108,1992,41,4,10
1109,1992,86,4,10
1110,1992,131,4,10
1111,1992,6,4,11
1112,1992,49,4,11
1113,1992,96,4,11
1114,1992,13,4,12
1115,1992,60,4,12
1116,1992,103,4,12
1117,1992,24,4,13
1118,1992,67,4,13
1119,1992,114,4,13
1120,1992,31,4,14
1121,1992,78,4,14
1122,1992,121,4,14
1123,1992,42,4,15
1124,1992,85,4,15
1125,1992,132,4,15
1126,1993,4,6,1
1127,1993,51,6,1
1128,1993,94,6,1
1129,1993,15,6,2
1130,1993,58,6,2
1131,1993,105,6,2
1132,1993,22,6,3
1133,1993,69,6,3
1134,1993,112,6,3
1135,1993,33,6,4
1136,1993,76,6,4
1137,1993,123,6,4
1138,1993,40,6,5
1139,1993,87,6,5
1140,1993,130,6,5
1141,1993,5,6,6
1142,1993,50,6,6
1143,1993,95,6,6
1144,1993,14,6,7
1145,1993,59,6,7
1146,1993,104,6,7
1147,1993,23,6,8
1148,1993,68,6,8
1149,1993,113,6,8
1150,1993,32,6,9
1151,1993,77,6,9
1152,1993,122,6,9
1153,1993,41,6,10
1154,1993,86,6,10
1155,1993,131,6,10
1156,1993,6,6,11
1157,1993,49,6,11
1158,1993,96,6,11
1159,1993,13,6,12
1160,1993,60,6,12
1161,1993,103,6,12
1162,1993,24,6,13
1163,1993,67,6,13
1164,1993,114,6,13
1165,1993,31,6,14
1166,1993,78,6,14
1167,1993,121,6,14
1168,1993,42,6,15
1169,1993,85,6,15
1170,1993,132,6,15
1171,1993,7,5,1
1172,1993,48,5,1
1173,1993,97,5,1
1174,1993,12,5,2
1175,1993,61,5,2
1176,1993,102,5,2
1177,1993,25,5,3
1178,1993,66,5,3
1179,1993,115,5,3
1180,1993,30,5,4
1181,1993,79,5,4
1182,1993,120,5,4
1183,1993,43,5,5
1184,1993,84,5,5
1185,1993,133,5,5
1186,1993,8,5,6
1187,1993,47,5,6
1188,1993,98,5,6
1189,1993,11,5,7
1190,1993,62,5,7
1191,1993,101,5,7
1192,1993,26,5,8
1193,1993,65,5,8
1194,1993,116,5,8
1195,1993,29,5,9
1196,1993,80,5,9
1197,1993,119,5,9
1198,1993,44,5,10
1199,1993,83,5,10
1200,1993,134,5,10
1201,1993,9,5,11
1202,1993,46,5,11
1203,1993,99,5,11
1204,1993,10,5,12
1205,1993,63,5,12
1206,1993,100,5,12
1207,1993,27,5,13
1208,1993,64,5,13
1209,1993,117,5,13
1210,1993,28,5,14
1211,1993,81,5,14
1212,1993,118,5,14
1213,1993,45,5,15
1214,1993,82,5,15
1215,1993,135,5,15
1216,1993,1,4,1
1217,1993,54,4,1
1218,1993,91,4,1
1219,1993,18,4,2
1220,1993,55,4,2
1221,1993,108,4,2
1222,1993,19,4,3
1223,1993,72,4,3
1224,1993,109,4,3
1225,1993,36,4,4
1226,1993,73,4,4
1227,1993,126,4,4
1228,1993,37,4,5
1229,1993,90,4,5
1230,1993,127,4,5
1231,1993,2,4,6
1232,1993,53,4,6
1233,1993,92,4,6
1234,1993,17,4,7
1235,1993,56,4,7
1236,1993,107,4,7
1237,1993,20,4,8
1238,1993,71,4,8
1239,1993,110,4,8
1240,1993,35,4,9
1241,1993,74,4,9
1242,1993,125,4,9
1243,1993,38,4,10
1244,1993,89,4,10
1245,1993,128,4,10
1246,1993,3,4,11
1247,1993,52,4,11
1248,1993,93,4,11
1249,1993,16,4,12
1250,1993,57,4,12
1251,1993,106,4,12
1252,1993,21,4,13
1253,1993,70,4,13
1254,1993,111,4,13
1255,1993,34,4,14
1256,1993,75,4,14
1257,1993,124,4,14
1258,1993,39,4,15
1259,1993,88,4,15
1260,1993,129,4,15
1261,1994,1,6,1
1262,1994,54,6,1
1263,1994,91,6,1
1264,1994,18,6,2
1265,1994,55,6,2
1266,1994,108,6,2
1267,1994,19,6,3
1268,1994,72,6,3
1269,1994,109,6,3
1270,1994,36,6,4
1271,1994,73,6,4
1272,1994,126,6,4
1273,1994,37,6,5
1274,1994,90,6,5
1275,1994,127,6,5
1276,1994,2,6,6
1277,1994,53,6,6
1278,1994,92,6,6
1279,1994,17,6,7
1280,1994,56,6,7
1281,1994,107,6,7
1282,1994,20,6,8
1283,1994,71,6,8
1284,1994,110,6,8
1285,1994,35,6,9
1286,1994,74,6,9
1287,1994,125,6,9
1288,1994,38,6,10
1289,1994,89,6,10
1290,1994,128,6,10
1291,1994,3,6,11
1292,1994,52,6,11
1293,1994,93,6,11
1294,1994,16,6,12
1295,1994,57,6,12
1296,1994,106,6,12
1297,1994,21,6,13
1298,1994,70,6,13
1299,1994,111,6,13
1300,1994,34,6,14
1301,1994,75,6,14
1302,1994,124,6,14
1303,1994,39,6,15
1304,1994,88,6,15
1305,1994,129,6,15
1306,1994,4,5,1
1307,1994,51,5,1
1308,1994,94,5,1
1309,1994,15,5,2
1310,1994,58,5,2
1311,1994,105,5,2
1312,1994,22,5,3
1313,1994,69,5,3
1314,1994,112,5,3
1315,1994,33,5,4
1316,1994,76,5,4
1317,1994,123,5,4
1318,1994,40,5,5
1319,1994,87,5,5
1320,1994,130,5,5
1321,1994,5,5,6
1322,1994,50,5,6
1323,1994,95,5,6
1324,1994,14,5,7
1325,1994,59,5,7
1326,1994,104,5,7
1327,1994,23,5,8
1328,1994,68,5,8
1329,1994,113,5,8
1330,1994,32,5,9
1331,1994,77,5,9
1332,1994,122,5,9
1333,1994,41,5,10
1334,1994,86,5,10
1335,1994,131,5,10
1336,1994,6,5,11
1337,1994,49,5,11
1338,1994,96,5,11
1339,1994,13,5,12
1340,1994,60,5,12
1341,1994,103,5,12
1342,1994,24,5,13
1343,1994,67,5,13
1344,1994,114,5,13
1345,1994,31,5,14
1346,1994,78,5,14
1347,1994,121,5,14
1348,1994,42,5,15
1349,1994,85,5,15
1350,1994,132,5,15
1351,1994,7,4,1
1352,1994,48,4,1
1353,1994,97,4,1
1354,1994,12,4,2
1355,1994,61,4,2
1356,1994,102,4,2
1357,1994,25,4,3
1358,1994,66,4,3
1359,1994,115,4,3
1360,1994,30,4,4
1361,1994,79,4,4
1362,1994,120,4,4
1363,1994,43,4,5
1364,1994,84,4,5
1365,1994,133,4,5
1366,1994,8,4,6
1367,1994,47,4,6
1368,1994,98,4,6
1369,1994,11,4,7
1370,1994,62,4,7
1371,1994,101,4,7
1372,1994,26,4,8
1373,1994,65,4,8
1374,1994,116,4,8
1375,1994,29,4,9
1376,1994,80,4,9
1377,1994,119,4,9
1378,1994,44,4,10
1379,1994,83,4,10
1380,1994,134,4,10
1381,1994,9,4,11
1382,1994,46,4,11
1383,1994,99,4,11
1384,1994,10,4,12
1385,1994,63,4,12
1386,1994,100,4,12
1387,1994,27,4,13
1388,1994,64,4,13
1389,1994,117,4,13
1390,1994,28,4,14
1391,1994,81,4,14
1392,1994,118,4,14
1393,1994,45,4,15
1394,1994,82,4,15
1395,1994,135,4,15
1396,1995,7,6,1
1397,1995,48,6,1
1398,1995,97,6,1
1399,1995,12,6,2
1400,1995,61,6,2
1401,1995,102,6,2
1402,1995,25,6,3
1403,1995,66,6,3
1404,1995,115,6,3
1405,1995,30,6,4
1406,1995,79,6,4
1407,1995,120,6,4
1408,1995,43,6,5
1409,1995,84,6,5
1410,1995,133,6,5
1411,1995,8,6,6
1412,1995,47,6,6
1413,1995,98,6,6
1414,1995,11,6,7
1415,1995,62,6,7
1416,1995,101,6,7
1417,1995,26,6,8
1418,1995,65,6,8
1419,1995,116,6,8
1420,1995,29,6,9
1421,1995,80,6,9
1422,1995,119,6,9
1423,1995,44,6,10
1424,1995,83,6,10
1425,1995,134,6,10
1426,1995,9,6,11
1427,1995,46,6,11
1428,1995,99,6,11
1429,1995,10,6,12
1430,1995,63,6,12
1431,1995,100,6,12
1432,1995,27,6,13
1433,1995,64,6,13
1434,1995,117,6,13
1435,1995,28,6,14
1436,1995,81,6,14
1437,1995,118,6,14
1438,1995,45,6,15
1439,1995,82,6,15
1440,1995,135,6,15
1441,1995,1,5,1
1442,1995,54,5,1
1443,1995,91,5,1
1444,1995,18,5,2
1445,1995,55,5,2
1446,1995,108,5,2
1447,1995,19,5,3
1448,1995,72,5,3
1449,1995,109,5,3
1450,1995,36,5,4
1451,1995,73,5,4
1452,1995,126,5,4
1453,1995,37,5,5
1454,1995,90,5,5
1455,1995,127,5,5
1456,1995,2,5,6
1457,1995,53,5,6
1458,1995,92,5,6
1459,1995,17,5,7
1460,1995,56,5,7
1461,1995,107,5,7
1462,1995,20,5,8
1463,1995,71,5,8
1464,1995,110,5,8
1465,1995,35,5,9
1466,1995,74,5,9
1467,1995,125,5,9
1468,1995,38,5,10
1469,1995,89,5,10
1470,1995,128,5,10
1471,1995,3,5,11
1472,1995,52,5,11
1473,1995,93,5,11
1474,1995,16,5,12
1475,1995,57,5,12
1476,1995,106,5,12
1477,1995,21,5,13
1478,1995,70,5,13
1479,1995,111,5,13
1480,1995,34,5,14
1481,1995,75,5,14
1482,1995,124,5,14
1483,1995,39,5,15
1484,1995,88,5,15
1485,1995,129,5,15
1486,1995,4,4,1
1487,1995,51,4,1
1488,1995,94,4,1
1489,1995,15,4,2
1490,1995,58,4,2
1491,1995,105,4,2
1492,1995,22,4,3
1493,1995,69,4,3
1494,1995,112,4,3
1495,1995,33,4,4
1496,1995,76,4,4
1497,1995,123,4,4
1498,1995,40,4,5
1499,1995,87,4,5
1500,1995,130,4,5
1501,1995,5,4,6
1502,1995,50,4,6
1503,1995,95,4,6
1504,1995,14,4,7
1505,1995,59,4,7
1506,1995,104,4,7
1507,1995,23,4,8
1508,1995,68,4,8
1509,1995,113,4,8
1510,1995,32,4,9
1511,1995,77,4,9
1512,1995,122,4,9
1513,1995,41,4,10
1514,1995,86,4,10
1515,1995,131,4,10
1516,1995,6,4,11
1517,1995,49,4,11
1518,1995,96,4,11
1519,1995,13,4,12
1520,1995,60,4,12
1521,1995,103,4,12
1522,1995,24,4,13
1523,1995,67,4,13
1524,1995,114,4,13
1525,1995,31,4,14
1526,1995,78,4,14
1527,1995,121,4,14
1528,1995,42,4,15
1529,1995,85,4,15
1530,1995,132,4,15
1531,1996,4,6,1
1532,1996,51,6,1
1533,1996,94,6,1
1534,1996,15,6,2
1535,1996,58,6,2
1536,1996,105,6,2
1537,1996,22,6,3
1538,1996,69,6,3
1539,1996,112,6,3
1540,1996,33,6,4
1541,1996,76,6,4
1542,1996,123,6,4
1543,1996,40,6,5
1544,1996,87,6,5
1545,1996,130,6,5
1546,1996,5,6,6
1547,1996,50,6,6
1548,1996,95,6,6
1549,1996,14,6,7
1550,1996,59,6,7
1551,1996,104,6,7
1552,1996,23,6,8
1553,1996,68,6,8
1554,1996,113,6,8
1555,1996,32,6,9
1556,1996,77,6,9
1557,1996,122,6,9
1558,1996,41,6,10
1559,1996,86,6,10
1560,1996,131,6,10
1561,1996,6,6,11
1562,1996,49,6,11
1563,1996,96,6,11
1564,1996,13,6,12
1565,1996,60,6,12
1566,1996,103,6,12
1567,1996,24,6,13
1568,1996,67,6,13
1569,1996,114,6,13
1570,1996,31,6,14
1571,1996,78,6,14
1572,1996,121,6,14
1573,1996,42,6,15
1574,1996,85,6,15
1575,1996,132,6,15
1576,1996,7,5,1
1577,1996,48,5,1
1578,1996,97,5,1
1579,1996,12,5,2
1580,1996,61,5,2
1581,1996,102,5,2
1582,1996,25,5,3
1583,1996,66,5,3
1584,1996,115,5,3
1585,1996,30,5,4
1586,1996,79,5,4
1587,1996,120,5,4
1588,1996,43,5,5
1589,1996,84,5,5
1590,1996,133,5,5
1591,1996,8,5,6
1592,1996,47,5,6
1593,1996,98,5,6
1594,1996,11,5,7
1595,1996,62,5,7
1596,1996,101,5,7
1597,1996,26,5,8
1598,1996,65,5,8
1599,1996,116,5,8
1600,1996,29,5,9
1601,1996,80,5,9
1602,1996,119,5,9
1603,1996,44,5,10
1604,1996,83,5,10
1605,1996,134,5,10
1606,1996,9,5,11
1607,1996,46,5,11
1608,1996,99,5,11
1609,1996,10,5,12
1610,1996,63,5,12
1611,1996,100,5,12
1612,1996,27,5,13
1613,1996,64,5,13
1614,1996,117,5,13
1615,1996,28,5,14
1616,1996,81,5,14
1617,1996,118,5,14
1618,1996,45,5,15
1619,1996,82,5,15
1620,1996,135,5,15
1621,1996,1,4,1
1622,1996,54,4,1
1623,1996,91,4,1
1624,1996,18,4,2
1625,1996,55,4,2
1626,1996,108,4,2
1627,1996,19,4,3
1628,1996,72,4,3
1629,1996,109,4,3
1630,1996,36,4,4
1631,1996,73,4,4
1632,1996,126,4,4
1633,1996,37,4,5
1634,1996,90,4,5
1635,1996,127,4,5
1636,1996,2,4,6
1637,1996,53,4,6
1638,1996,92,4,6
1639,1996,17,4,7
1640,1996,56,4,7
1641,1996,107,4,7
1642,1996,20,4,8
1643,1996,71,4,8
1644,1996,110,4,8
1645,1996,35,4,9
1646,1996,74,4,9
1647,1996,125,4,9
1648,1996,38,4,10
1649,1996,89,4,10
1650,1996,128,4,10
1651,1996,3,4,11
1652,1996,52,4,11
1653,1996,93,4,11
1654,1996,16,4,12
1655,1996,57,4,12
1656,1996,106,4,12
1657,1996,21,4,13
1658,1996,70,4,13
1659,1996,111,4,13
1660,1996,34,4,14
1661,1996,75,4,14
1662,1996,124,4,14
1663,1996,39,4,15
1664,1996,88,4,15
1665,1996,129,4,15
1666,1997,1,6,1
1667,1997,54,6,1
1668,1997,91,6,1
1669,1997,18,6,2
1670,1997,55,6,2
1671,1997,108,6,2
1672,1997,19,6,3
1673,1997,72,6,3
1674,1997,109,6,3
1675,1997,36,6,4
1676,1997,73,6,4
1677,1997,126,6,4
1678,1997,37,6,5
1679,1997,90,6,5
1680,1997,127,6,5
1681,1997,2,6,6
1682,1997,53,6,6
1683,1997,92,6,6
1684,1997,17,6,7
1685,1997,56,6,7
1686,1997,107,6,7
1687,1997,20,6,8
1688,1997,71,6,8
1689,1997,110,6,8
1690,1997,35,6,9
1691,1997,74,6,9
1692,1997,125,6,9
1693,1997,38,6,10
1694,1997,89,6,10
1695,1997,128,6,10
1696,1997,3,6,11
1697,1997,52,6,11
1698,1997,93,6,11
1699,1997,16,6,12
1700,1997,57,6,12
1701,1997,106,6,12
1702,1997,21,6,13
1703,1997,70,6,13
1704,1997,111,6,13
1705,1997,34,6,14
1706,1997,75,6,14
1707,1997,124,6,14
1708,1997,39,6,15
1709,1997,88,6,15
1710,1997,129,6,15
1711,1997,136,6,16
1712,1997,183,6,16
1713,1997,207,6,16
1714,1997,147,6,17
1715,1997,184,6,17
1716,1997,220,6,17
1717,1997,148,6,18
1718,1997,171,6,18
1719,1997,196,6,18
1720,1997,159,6,19
1721,1997,195,6,19
1722,1997,219,6,19
1723,1997,160,6,20
1724,1997,172,6,20
1725,1997,208,6,20
1726,1997,137,6,21
1727,1997,182,6,21
1728,1997,206,6,21
1729,1997,146,6,22
1730,1997,185,6,22
1731,1997,221,6,22
1732,1997,149,6,23
1733,1997,170,6,23
1734,1997,197,6,23
1735,1997,158,6,24
1736,1997,194,6,24
1737,1997,218,6,24
1738,1997,161,6,25
1739,1997,173,6,25
1740,1997,209,6,25
1741,1997,4,5,1
1742,1997,51,5,1
1743,1997,94,5,1
1744,1997,15,5,2
1745,1997,58,5,2
1746,1997,105,5,2
1747,1997,22,5,3
1748,1997,69,5,3
1749,1997,112,5,3
1750,1997,33,5,4
1751,1997,76,5,4
1752,1997,123,5,4
1753,1997,40,5,5
1754,1997,87,5,5
1755,1997,130,5,5
1756,1997,5,5,6
1757,1997,50,5,6
1758,1997,95,5,6
1759,1997,14,5,7
1760,1997,59,5,7
1761,1997,104,5,7
1762,1997,23,5,8
1763,1997,68,5,8
1764,1997,113,5,8
1765,1997,32,5,9
1766,1997,77,5,9
1767,1997,122,5,9
1768,1997,41,5,10
1769,1997,86,5,10
1770,1997,131,5,10
1771,1997,6,5,11
1772,1997,49,5,11
1773,1997,96,5,11
1774,1997,13,5,12
1775,1997,60,5,12
1776,1997,103,5,12
1777,1997,24,5,13
1778,1997,67,5,13
1779,1997,114,5,13
1780,1997,31,5,14
1781,1997,78,5,14
1782,1997,121,5,14
1783,1997,42,5,15
1784,1997,85,5,15
1785,1997,132,5,15
1786,1997,138,3,16
1787,1997,181,3,16
1788,1997,205,3,16
1789,1997,145,3,17
1790,1997,186,3,17
1791,1997,222,3,17
1792,1997,150,3,18
1793,1997,169,3,18
1794,1997,198,3,18
1795,1997,157,3,19
1796,1997,193,3,19
1797,1997,217,3,19
1798,1997,162,3,20
1799,1997,174,3,20
1800,1997,210,3,20
1801,1997,139,3,21
1802,1997,180,3,21
1803,1997,204,3,21
1804,1997,144,3,22
1805,1997,187,3,22
1806,1997,223,3,22
1807,1997,151,3,23
1808,1997,168,3,23
1809,1997,199,3,23
1810,1997,156,3,24
1811,1997,192,3,24
1812,1997,216,3,24
1813,1997,163,3,25
1814,1997,175,3,25
1815,1997,211,3,25
1816,1997,7,4,1
1817,1997,48,4,1
1818,1997,97,4,1
1819,1997,12,4,2
1820,1997,61,4,2
1821,1997,102,4,2
1822,1997,25,4,3
1823,1997,66,4,3
1824,1997,115,4,3
1825,1997,30,4,4
1826,1997,79,4,4
1827,1997,120,4,4
1828,1997,43,4,5
1829,1997,84,4,5
1830,1997,133,4,5
1831,1997,8,4,6
1832,1997,47,4,6
1833,1997,98,4,6
1834,1997,11,4,7
1835,1997,62,4,7
1836,1997,101,4,7
1837,1997,26,4,8
1838,1997,65,4,8
1839,1997,116,4,8
1840,1997,29,4,9
1841,1997,80,4,9
1842,1997,119,4,9
1843,1997,44,4,10
1844,1997,83,4,10
1845,1997,134,4,10
1846,1997,9,4,11
1847,1997,46,4,11
1848,1997,99,4,11
1849,1997,10,4,12
1850,1997,63,4,12
1851,1997,100,4,12
1852,1997,27,4,13
1853,1997,64,4,13
1854,1997,117,4,13
1855,1997,28,4,14
1856,1997,81,4,14
1857,1997,118,4,14
1858,1997,45,4,15
1859,1997,82,4,15
1860,1997,135,4,15
1861,1997,140,2,16
1862,1997,179,2,16
1863,1997,203,2,16
1864,1997,143,2,17
1865,1997,188,2,17
1866,1997,224,2,17
1867,1997,152,2,18
1868,1997,167,2,18
1869,1997,200,2,18
1870,1997,155,2,19
1871,1997,191,2,19
1872,1997,215,2,19
1873,1997,164,2,20
1874,1997,176,2,20
1875,1997,212,2,20
1876,1997,141,2,21
1877,1997,178,2,21
1878,1997,202,2,21
1879,1997,142,2,22
1880,1997,189,2,22
1881,1997,225,2,22
1882,1997,153,2,23
1883,1997,166,2,23
1884,1997,201,2,23
1885,1997,154,2,24
1886,1997,190,2,24
1887,1997,214,2,24
1888,1997,165,2,25
1889,1997,177,2,25
1890,1997,213,2,25
1891,1998,7,6,1
1892,1998,48,6,1
1893,1998,97,6,1
1894,1998,12,6,2
1895,1998,61,6,2
1896,1998,102,6,2
1897,1998,25,6,3
1898,1998,66,6,3
1899,1998,115,6,3
1900,1998,30,6,4
1901,1998,79,6,4
1902,1998,120,6,4
1903,1998,43,6,5
1904,1998,84,6,5
1905,1998,133,6,5
1906,1998,8,6,6
1907,1998,47,6,6
1908,1998,98,6,6
1909,1998,11,6,7
1910,1998,62,6,7
1911,1998,101,6,7
1912,1998,26,6,8
1913,1998,65,6,8
1914,1998,116,6,8
1915,1998,29,6,9
1916,1998,80,6,9
1917,1998,119,6,9
1918,1998,44,6,10
1919,1998,83,6,10
1920,1998,134,6,10
1921,1998,9,6,11
1922,1998,46,6,11
1923,1998,99,6,11
1924,1998,10,6,12
1925,1998,63,6,12
1926,1998,100,6,12
1927,1998,27,6,13
1928,1998,64,6,13
1929,1998,117,6,13
1930,1998,28,6,14
1931,1998,81,6,14
1932,1998,118,6,14
1933,1998,45,6,15
1934,1998,82,6,15
1935,1998,135,6,15
1936,1998,140,6,16
1937,1998,179,6,16
1938,1998,203,6,16
1939,1998,143,6,17
1940,1998,188,6,17
1941,1998,224,6,17
1942,1998,152,6,18
1943,1998,167,6,18
1944,1998,200,6,18
1945,1998,155,6,19
1946,1998,191,6,19
1947,1998,215,6,19
1948,1998,164,6,20
1949,1998,176,6,20
1950,1998,212,6,20
1951,1998,141,6,21
1952,1998,178,6,21
1953,1998,202,6,21
1954,1998,142,6,22
1955,1998,189,6,22
1956,1998,225,6,22
1957,1998,153,6,23
1958,1998,166,6,23
1959,1998,201,6,23
1960,1998,154,6,24
1961,1998,190,6,24
1962,1998,214,6,24
1963,1998,165,6,25
1964,1998,177,6,25
1965,1998,213,6,25
1966,1998,1,5,1
1967,1998,54,5,1
1968,1998,91,5,1
1969,1998,18,5,2
1970,1998,55,5,2
1971,1998,108,5,2
1972,1998,19,5,3
1973,1998,72,5,3
1974,1998,109,5,3
1975,1998,36,5,4
1976,1998,73,5,4
1977,1998,126,5,4
1978,1998,37,5,5
1979,1998,90,5,5
1980,1998,127,5,5
1981,1998,2,5,6
1982,1998,53,5,6
1983,1998,92,5,6
1984,1998,17,5,7
1985,1998,56,5,7
1986,1998,107,5,7
1987,1998,20,5,8
1988,1998,71,5,8
1989,1998,110,5,8
1990,1998,35,5,9
1991,1998,74,5,9
1992,1998,125,5,9
1993,1998,38,5,10
1994,1998,89,5,10
1995,1998,128,5,10
1996,1998,3,5,11
1997,1998,52,5,11
1998,1998,93,5,11
1999,1998,16,5,12
2000,1998,57,5,12
2001,1998,106,5,12
2002,1998,21,5,13
2003,1998,70,5,13
2004,1998,111,5,13
2005,1998,34,5,14
2006,1998,75,5,14
2007,1998,124,5,14
2008,1998,39,5,15
2009,1998,88,5,15
2010,1998,129,5,15
2011,1998,136,5,16
2012,1998,183,5,16
2013,1998,207,5,16
2014,1998,147,5,17
2015,1998,184,5,17
2016,1998,220,5,17
2017,1998,148,5,18
2018,1998,171,5,18
2019,1998,196,5,18
2020,1998,159,5,19
2021,1998,195,5,19
2022,1998,219,5,19
2023,1998,160,5,20
2024,1998,172,5,20
2025,1998,208,5,20
2026,1998,137,5,21
2027,1998,182,5,21
2028,1998,206,5,21
2029,1998,146,5,22
2030,1998,185,5,22
2031,1998,221,5,22
2032,1998,149,5,23
2033,1998,170,5,23
2034,1998,197,5,23
2035,1998,158,5,24
2036,1998,194,5,24
2037,1998,218,5,24
2038,1998,161,5,25
2039,1998,173,5,25
2040,1998,209,5,25
2041,1998,4,4,1
2042,1998,51,4,1
2043,1998,94,4,1
2044,1998,15,4,2
2045,1998,58,4,2
2046,1998,105,4,2
2047,1998,22,4,3
2048,1998,69,4,3
2049,1998,112,4,3
2050,1998,33,4,4
2051,1998,76,4,4
2052,1998,123,4,4
2053,1998,40,4,5
2054,1998,87,4,5
2055,1998,130,4,5
2056,1998,5,4,6
2057,1998,50,4,6
2058,1998,95,4,6
2059,1998,14,4,7
2060,1998,59,4,7
2061,1998,104,4,7
2062,1998,23,4,8
2063,1998,68,4,8
2064,1998,113,4,8
2065,1998,32,4,9
2066,1998,77,4,9
2067,1998,122,4,9
2068,1998,41,4,10
2069,1998,86,4,10
2070,1998,131,4,10
2071,1998,6,4,11
2072,1998,49,4,11
2073,1998,96,4,11
2074,1998,13,4,12
2075,1998,60,4,12
2076,1998,103,4,12
2077,1998,24,4,13
2078,1998,67,4,13
2079,1998,114,4,13
2080,1998,31,4,14
2081,1998,78,4,14
2082,1998,121,4,14
2083,1998,42,4,15
2084,1998,85,4,15
2085,1998,132,4,15
2086,1998,138,4,16
2087,1998,181,4,16
2088,1998,205,4,16
2089,1998,145,4,17
2090,1998,186,4,17
2091,1998,222,4,17
2092,1998,150,4,18
2093,1998,169,4,18
2094,1998,198,4,18
2095,1998,157,4,19
2096,1998,193,4,19
2097,1998,217,4,19
2098,1998,162,4,20
2099,1998,174,4,20
2100,1998,210,4,20
2101,1998,139,4,21
2102,1998,180,4,21
2103,1998,204,4,21
2104,1998,144,4,22
2105,1998,187,4,22
2106,1998,223,4,22
2107,1998,151,4,23
2108,1998,168,4,23
2109,1998,199,4,23
2110,1998,156,4,24
2111,1998,192,4,24
2112,1998,216,4,24
2113,1998,163,4,25
2114,1998,175,4,25
2115,1998,211,4,25
2116,1999,4,6,1
2117,1999,51,6,1
2118,1999,94,6,1
2119,1999,15,6,2
2120,1999,58,6,2
2121,1999,105,6,2
2122,1999,22,6,3
2123,1999,69,6,3
2124,1999,112,6,3
2125,1999,33,6,4
2126,1999,76,6,4
2127,1999,123,6,4
2128,1999,40,6,5
2129,1999,87,6,5
2130,1999,130,6,5
2131,1999,5,6,6
2132,1999,50,6,6
2133,1999,95,6,6
2134,1999,14,6,7
2135,1999,59,6,7
2136,1999,104,6,7
2137,1999,23,6,8
2138,1999,68,6,8
2139,1999,113,6,8
2140,1999,32,6,9
2141,1999,77,6,9
2142,1999,122,6,9
2143,1999,41,6,10
2144,1999,86,6,10
2145,1999,131,6,10
2146,1999,6,6,11
2147,1999,49,6,11
2148,1999,96,6,11
2149,1999,13,6,12
2150,1999,60,6,12
2151,1999,103,6,12
2152,1999,24,6,13
2153,1999,67,6,13
2154,1999,114,6,13
2155,1999,31,6,14
2156,1999,78,6,14
2157,1999,121,6,14
2158,1999,42,6,15
2159,1999,85,6,15
2160,1999,132,6,15
2161,1999,138,6,16
2162,1999,181,6,16
2163,1999,205,6,16
2164,1999,145,6,17
2165,1999,186,6,17
2166,1999,222,6,17
2167,1999,150,6,18
2168,1999,169,6,18
2169,1999,198,6,18
2170,1999,157,6,19
2171,1999,193,6,19
2172,1999,217,6,19
2173,1999,162,6,20
2174,1999,174,6,20
2175,1999,210,6,20
2176,1999,139,6,21
2177,1999,180,6,21
2178,1999,204,6,21
2179,1999,144,6,22
2180,1999,187,6,22
2181,1999,223,6,22
2182,1999,151,6,23
2183,1999,168,6,23
2184,1999,199,6,23
2185,1999,156,6,24
2186,1999,192,6,24
2187,1999,216,6,24
2188,1999,163,6,25
2189,1999,175,6,25
2190,1999,211,6,25
2191,1999,7,5,1
2192,1999,48,5,1
2193,1999,97,5,1
2194,1999,12,5,2
2195,1999,61,5,2
2196,1999,102,5,2
2197,1999,25,5,3
2198,1999,66,5,3
2199,1999,115,5,3
2200,1999,30,5,4
2201,1999,79,5,4
2202,1999,120,5,4
2203,1999,43,5,5
2204,1999,84,5,5
2205,1999,133,5,5
2206,1999,8,5,6
2207,1999,47,5,6
2208,1999,98,5,6
2209,1999,11,5,7
2210,1999,62,5,7
2211,1999,101,5,7
2212,1999,26,5,8
2213,1999,65,5,8
2214,1999,116,5,8
2215,1999,29,5,9
2216,1999,80,5,9
2217,1999,119,5,9
2218,1999,44,5,10
2219,1999,83,5,10
2220,1999,134,5,10
2221,1999,9,5,11
2222,1999,46,5,11
2223,1999,99,5,11
2224,1999,10,5,12
2225,1999,63,5,12
2226,1999,100,5,12
2227,1999,27,5,13
2228,1999,64,5,13
2229,1999,117,5,13
2230,1999,28,5,14
2231,1999,81,5,14
2232,1999,118,5,14
2233,1999,45,5,15
2234,1999,82,5,15
2235,1999,135,5,15
2236,1999,140,5,16
2237,1999,179,5,16
2238,1999,203,5,16
2239,1999,143,5,17
2240,1999,188,5,17
2241,1999,224,5,17
2242,1999,152,5,18
2243,1999,167,5,18
2244,1999,200,5,18
2245,1999,155,5,19
2246,1999,191,5,19
2247,1999,215,5,19
2248,1999,164,5,20
2249,1999,176,5,20
2250,1999,212,5,20
2251,1999,141,5,21
2252,1999,178,5,21
2253,1999,202,5,21
2254,1999,142,5,22
2255,1999,189,5,22
2256,1999,225,5,22
2257,1999,153,5,23
2258,1999,166,5,23
2259,1999,201,5,23
2260,1999,154,5,24
2261,1999,190,5,24
2262,1999,214,5,24
2263,1999,165,5,25
2264,1999,177,5,25
2265,1999,213,5,25
2266,1999,1,4,1
2267,1999,54,4,1
2268,1999,91,4,1
2269,1999,18,4,2
2270,1999,55,4,2
2271,1999,108,4,2
2272,1999,19,4,3
2273,1999,72,4,3
2274,1999,109,4,3
2275,1999,36,4,4
2276,1999,73,4,4
2277,1999,126,4,4
2278,1999,37,4,5
2279,1999,90,4,5
2280,1999,127,4,5
2281,1999,2,4,6
2282,1999,53,4,6
2283,1999,92,4,6
2284,1999,17,4,7
2285,1999,56,4,7
2286,1999,107,4,7
2287,1999,20,4,8
2288,1999,71,4,8
2289,1999,110,4,8
2290,1999,35,4,9
2291,1999,74,4,9
2292,1999,125,4,9
2293,1999,38,4,10
2294,1999,89,4,10
2295,1999,128,4,10
2296,1999,3,4,11
2297,1999,52,4,11
2298,1999,93,4,11
2299,1999,16,4,12
2300,1999,57,4,12
2301,1999,106,4,12
2302,1999,21,4,13
2303,1999,70,4,13
2304,1999,111,4,13
2305,1999,34,4,14
2306,1999,75,4,14
2307,1999,124,4,14
2308,1999,39,4,15
2309,1999,88,4,15
2310,1999,129,4,15
2311,1999,136,4,16
2312,1999,183,4,16
2313,1999,207,4,16
2314,1999,147,4,17
2315,1999,184,4,17
2316,1999,220,4,17
2317,1999,148,4,18
2318,1999,171,4,18
2319,1999,196,4,18
2320,1999,159,4,19
2321,1999,195,4,19
2322,1999,219,4,19
2323,1999,160,4,20
2324,1999,172,4,20
2325,1999,208,4,20
2326,1999,137,4,21
2327,1999,182,4,21
2328,1999,206,4,21
2329,1999,146,4,22
2330,1999,185,4,22
2331,1999,221,4,22
2332,1999,149,4,23
2333,1999,170,4,23
2334,1999,197,4,23
2335,1999,158,4,24
2336,1999,194,4,24
2337,1999,218,4,24
2338,1999,161,4,25
2339,1999,173,4,25
2340,1999,209,4,25
2341,2000,1,6,1
2342,2000,54,6,1
2343,2000,91,6,1
2344,2000,18,6,2
2345,2000,55,6,2
2346,2000,108,6,2
2347,2000,19,6,3
2348,2000,72,6,3
2349,2000,109,6,3
2350,2000,36,6,4
2351,2000,73,6,4
2352,2000,126,6,4
2353,2000,37,6,5
2354,2000,90,6,5
2355,2000,127,6,5
2356,2000,2,6,6
2357,2000,53,6,6
2358,2000,92,6,6
2359,2000,17,6,7
2360,2000,56,6,7
2361,2000,107,6,7
2362,2000,20,6,8
2363,2000,71,6,8
2364,2000,110,6,8
2365,2000,35,6,9
2366,2000,74,6,9
2367,2000,125,6,9
2368,2000,38,6,10
2369,2000,89,6,10
2370,2000,128,6,10
2371,2000,3,6,11
2372,2000,52,6,11
2373,2000,93,6,11
2374,2000,16,6,12
2375,2000,57,6,12
2376,2000,106,6,12
2377,2000,21,6,13
2378,2000,70,6,13
2379,2000,111,6,13
2380,2000,34,6,14
2381,2000,75,6,14
2382,2000,124,6,14
2383,2000,39,6,15
2384,2000,88,6,15
2385,2000,129,6,15
2386,2000,136,6,16
2387,2000,183,6,16
2388,2000,207,6,16
2389,2000,147,6,17
2390,2000,184,6,17
2391,2000,220,6,17
2392,2000,148,6,18
2393,2000,171,6,18
2394,2000,196,6,18
2395,2000,159,6,19
2396,2000,195,6,19
2397,2000,219,6,19
2398,2000,160,6,20
2399,2000,172,6,20
2400,2000,208,6,20
2401,2000,137,6,21
2402,2000,182,6,21
2403,2000,206,6,21
2404,2000,146,6,22
2405,2000,185,6,22
2406,2000,221,6,22
2407,2000,149,6,23
2408,2000,170,6,23
2409,2000,197,6,23
2410,2000,158,6,24
2411,2000,194,6,24
2412,2000,218,6,24
2413,2000,161,6,25
2414,2000,173,6,25
2415,2000,209,6,25
2416,2000,4,5,1
2417,2000,51,5,1
2418,2000,94,5,1
2419,2000,15,5,2
2420,2000,58,5,2
2421,2000,105,5,2
2422,2000,22,5,3
2423,2000,69,5,3
2424,2000,112,5,3
2425,2000,33,5,4
2426,2000,76,5,4
2427,2000,123,5,4
2428,2000,40,5,5
2429,2000,87,5,5
2430,2000,130,5,5
2431,2000,5,5,6
2432,2000,50,5,6
2433,2000,95,5,6
2434,2000,14,5,7
2435,2000,59,5,7
2436,2000,104,5,7
2437,2000,23,5,8
2438,2000,68,5,8
2439,2000,113,5,8
2440,2000,32,5,9
2441,2000,77,5,9
2442,2000,122,5,9
2443,2000,41,5,10
2444,2000,86,5,10
2445,2000,131,5,10
2446,2000,6,5,11
2447,2000,49,5,11
2448,2000,96,5,11
2449,2000,13,5,12
2450,2000,60,5,12
2451,2000,103,5,12
2452,2000,24,5,13
2453,2000,67,5,13
2454,2000,114,5,13
2455,2000,31,5,14
2456,2000,78,5,14
2457,2000,121,5,14
2458,2000,42,5,15
2459,2000,85,5,15
2460,2000,132,5,15
2461,2000,138,5,16
2462,2000,181,5,16
2463,2000,205,5,16
2464,2000,145,5,17
2465,2000,186,5,17
2466,2000,222,5,17
2467,2000,150,5,18
2468,2000,169,5,18
2469,2000,198,5,18
2470,2000,157,5,19
2471,2000,193,5,19
2472,2000,217,5,19
2473,2000,162,5,20
2474,2000,174,5,20
2475,2000,210,5,20
2476,2000,139,5,21
2477,2000,180,5,21
2478,2000,204,5,21
2479,2000,144,5,22
2480,2000,187,5,22
2481,2000,223,5,22
2482,2000,151,5,23
2483,2000,168,5,23
2484,2000,199,5,23
2485,2000,156,5,24
2486,2000,192,5,24
2487,2000,216,5,24
2488,2000,163,5,25
2489,2000,175,5,25
2490,2000,211,5,25
2491,2000,7,4,1
2492,2000,48,4,1
2493,2000,97,4,1
2494,2000,12,4,2
2495,2000,61,4,2
2496,2000,102,4,2
2497,2000,25,4,3
2498,2000,66,4,3
2499,2000,115,4,3
2500,2000,30,4,4
2501,2000,79,4,4
2502,2000,120,4,4
2503,2000,43,4,5
2504,2000,84,4,5
2505,2000,133,4,5
2506,2000,8,4,6
2507,2000,47,4,6
2508,2000,98,4,6
2509,2000,11,4,7
2510,2000,62,4,7
2511,2000,101,4,7
2512,2000,26,4,8
2513,2000,65,4,8
2514,2000,116,4,8
2515,2000,29,4,9
2516,2000,80,4,9
2517,2000,119,4,9
2518,2000,44,4,10
2519,2000,83,4,10
2520,2000,134,4,10
2521,2000,9,4,11
2522,2000,46,4,11
2523,2000,99,4,11
2524,2000,10,4,12
2525,2000,63,4,12
2526,2000,100,4,12
2527,2000,27,4,13
2528,2000,64,4,13
2529,2000,117,4,13
2530,2000,28,4,14
2531,2000,81,4,14
2532,2000,118,4,14
2533,2000,45,4,15
2534,2000,82,4,15
2535,2000,135,4,15
2536,2000,140,4,16
2537,2000,179,4,16
2538,2000,203,4,16
2539,2000,143,4,17
2540,2000,188,4,17
2541,2000,224,4,17
2542,2000,152,4,18
2543,2000,167,4,18
2544,2000,200,4,18
2545,2000,155,4,19
2546,2000,191,4,19
2547,2000,215,4,19
2548,2000,164,4,20
2549,2000,176,4,20
2550,2000,212,4,20
2551,2000,141,4,21
2552,2000,178,4,21
2553,2000,202,4,21
2554,2000,142,4,22
2555,2000,189,4,22
2556,2000,225,4,22
2557,2000,153,4,23
2558,2000,166,4,23
2559,2000,201,4,23
2560,2000,154,4,24
2561,2000,190,4,24
2562,2000,214,4,24
2563,2000,165,4,25
2564,2000,177,4,25
2565,2000,213,4,25
2566,2001,7,6,1
2567,2001,48,6,1
2568,2001,97,6,1
2569,2001,12,6,2
2570,2001,61,6,2
2571,2001,102,6,2
2572,2001,25,6,3
2573,2001,66,6,3
2574,2001,115,6,3
2575,2001,30,6,4
2576,2001,79,6,4
2577,2001,120,6,4
2578,2001,43,6,5
2579,2001,84,6,5
2580,2001,133,6,5
2581,2001,8,6,6
2582,2001,47,6,6
2583,2001,98,6,6
2584,2001,11,6,7
2585,2001,62,6,7
2586,2001,101,6,7
2587,2001,26,6,8
2588,2001,65,6,8
2589,2001,116,6,8
2590,2001,29,6,9
2591,2001,80,6,9
2592,2001,119,6,9
2593,2001,44,6,10
2594,2001,83,6,10
2595,2001,134,6,10
2596,2001,9,6,11
2597,2001,46,6,11
2598,2001,99,6,11
2599,2001,10,6,12
2600,2001,63,6,12
2601,2001,100,6,12
2602,2001,27,6,13
2603,2001,64,6,13
2604,2001,117,6,13
2605,2001,28,6,14
2606,2001,81,6,14
2607,2001,118,6,14
2608,2001,45,6,15
2609,2001,82,6,15
2610,2001,135,6,15
2611,2001,140,6,16
2612,2001,179,6,16
2613,2001,203,6,16
2614,2001,143,6,17
2615,2001,188,6,17
2616,2001,224,6,17
2617,2001,152,6,18
2618,2001,167,6,18
2619,2001,200,6,18
2620,2001,155,6,19
2621,2001,191,6,19
2622,2001,215,6,19
2623,2001,164,6,20
2624,2001,176,6,20
2625,2001,212,6,20
2626,2001,141,6,21
2627,2001,178,6,21
2628,2001,202,6,21
2629,2001,142,6,22
2630,2001,189,6,22
2631,2001,225,6,22
2632,2001,153,6,23
2633,2001,166,6,23
2634,2001,201,6,23
2635,2001,154,6,24
2636,2001,190,6,24
2637,2001,214,6,24
2638,2001,165,6,25
2639,2001,177,6,25
2640,2001,213,6,25
2641,2001,1,5,1
2642,2001,54,5,1
2643,2001,91,5,1
2644,2001,18,5,2
2645,2001,55,5,2
2646,2001,108,5,2
2647,2001,19,5,3
2648,2001,72,5,3
2649,2001,109,5,3
2650,2001,36,5,4
2651,2001,73,5,4
2652,2001,126,5,4
2653,2001,37,5,5
2654,2001,90,5,5
2655,2001,127,5,5
2656,2001,2,5,6
2657,2001,53,5,6
2658,2001,92,5,6
2659,2001,17,5,7
2660,2001,56,5,7
2661,2001,107,5,7
2662,2001,20,5,8
2663,2001,71,5,8
2664,2001,110,5,8
2665,2001,35,5,9
2666,2001,74,5,9
2667,2001,125,5,9
2668,2001,38,5,10
2669,2001,89,5,10
2670,2001,128,5,10
2671,2001,3,5,11
2672,2001,52,5,11
2673,2001,93,5,11
2674,2001,16,5,12
2675,2001,57,5,12
2676,2001,106,5,12
2677,2001,21,5,13
2678,2001,70,5,13
2679,2001,111,5,13
2680,2001,34,5,14
2681,2001,75,5,14
2682,2001,124,5,14
2683,2001,39,5,15
2684,2001,88,5,15
2685,2001,129,5,15
2686,2001,136,5,16
2687,2001,183,5,16
2688,2001,207,5,16
2689,2001,147,5,17
2690,2001,184,5,17
2691,2001,220,5,17
2692,2001,148,5,18
2693,2001,171,5,18
2694,2001,196,5,18
2695,2001,159,5,19
2696,2001,195,5,19
2697,2001,219,5,19
2698,2001,160,5,20
2699,2001,172,5,20
2700,2001,208,5,20
2701,2001,137,5,21
2702,2001,182,5,21
2703,2001,206,5,21
2704,2001,146,5,22
2705,2001,185,5,22
2706,2001,221,5,22
2707,2001,149,5,23
2708,2001,170,5,23
2709,2001,197,5,23
2710,2001,158,5,24
2711,2001,194,5,24
2712,2001,218,5,24
2713,2001,161,5,25
2714,2001,173,5,25
2715,2001,209,5,25
2716,2001,136,3,16
2717,2001,183,3,16
2718,2001,207,3,16
2719,2001,147,3,17
2720,2001,184,3,17
2721,2001,220,3,17
2722,2001,148,3,18
2723,2001,171,3,18
2724,2001,196,3,18
2725,2001,159,3,19
2726,2001,195,3,19
2727,2001,219,3,19
2728,2001,160,3,20
2729,2001,172,3,20
2730,2001,208,3,20
2731,2001,137,3,21
2732,2001,182,3,21
2733,2001,206,3,21
2734,2001,146,3,22
2735,2001,185,3,22
2736,2001,221,3,22
2737,2001,149,3,23
2738,2001,170,3,23
2739,2001,197,3,23
2740,2001,158,3,24
2741,2001,194,3,24
2742,2001,218,3,24
2743,2001,161,3,25
2744,2001,173,3,25
2745,2001,209,3,25
2746,2001,4,4,1
2747,2001,51,4,1
2748,2001,94,4,1
2749,2001,15,4,2
2750,2001,58,4,2
2751,2001,105,4,2
2752,2001,22,4,3
2753,2001,69,4,3
2754,2001,112,4,3
2755,2001,33,4,4
2756,2001,76,4,4
2757,2001,123,4,4
2758,2001,40,4,5
2759,2001,87,4,5
2760,2001,130,4,5
2761,2001,5,4,6
2762,2001,50,4,6
2763,2001,95,4,6
2764,2001,14,4,7
2765,2001,59,4,7
2766,2001,104,4,7
2767,2001,23,4,8
2768,2001,68,4,8
2769,2001,113,4,8
2770,2001,32,4,9
2771,2001,77,4,9
2772,2001,122,4,9
2773,2001,41,4,10
2774,2001,86,4,10
2775,2001,131,4,10
2776,2001,6,4,11
2777,2001,49,4,11
2778,2001,96,4,11
2779,2001,13,4,12
2780,2001,60,4,12
2781,2001,103,4,12
2782,2001,24,4,13
2783,2001,67,4,13
2784,2001,114,4,13
2785,2001,31,4,14
2786,2001,78,4,14
2787,2001,121,4,14
2788,2001,42,4,15
2789,2001,85,4,15
2790,2001,132,4,15
2791,2001,138,4,16
2792,2001,181,4,16
2793,2001,205,4,16
2794,2001,145,4,17
2795,2001,186,4,17
2796,2001,222,4,17
2797,2001,150,4,18
2798,2001,169,4,18
2799,2001,198,4,18
2800,2001,157,4,19
2801,2001,193,4,19
2802,2001,217,4,19
2803,2001,162,4,20
2804,2001,174,4,20
2805,2001,210,4,20
2806,2001,139,4,21
2807,2001,180,4,21
2808,2001,204,4,21
2809,2001,144,4,22
2810,2001,187,4,22
2811,2001,223,4,22
2812,2001,151,4,23
2813,2001,168,4,23
2814,2001,199,4,23
2815,2001,156,4,24
2816,2001,192,4,24
2817,2001,216,4,24
2818,2001,163,4,25
2819,2001,175,4,25
2820,2001,211,4,25
2821,2002,4,6,1
2822,2002,51,6,1
2823,2002,94,6,1
2824,2002,15,6,2
2825,2002,58,6,2
2826,2002,105,6,2
2827,2002,22,6,3
2828,2002,69,6,3
2829,2002,112,6,3
2830,2002,33,6,4
2831,2002,76,6,4
2832,2002,123,6,4
2833,2002,40,6,5
2834,2002,87,6,5
2835,2002,130,6,5
2836,2002,5,6,6
2837,2002,50,6,6
2838,2002,95,6,6
2839,2002,14,6,7
2840,2002,59,6,7
2841,2002,104,6,7
2842,2002,23,6,8
2843,2002,68,6,8
2844,2002,113,6,8
2845,2002,32,6,9
2846,2002,77,6,9
2847,2002,122,6,9
2848,2002,41,6,10
2849,2002,86,6,10
2850,2002,131,6,10
2851,2002,6,6,11
2852,2002,49,6,11
2853,2002,96,6,11
2854,2002,13,6,12
2855,2002,60,6,12
2856,2002,103,6,12
2857,2002,24,6,13
2858,2002,67,6,13
2859,2002,114,6,13
2860,2002,31,6,14
2861,2002,78,6,14
2862,2002,121,6,14
2863,2002,42,6,15
2864,2002,85,6,15
2865,2002,132,6,15
2866,2002,138,6,16
2867,2002,181,6,16
2868,2002,205,6,16
2869,2002,145,6,17
2870,2002,186,6,17
2871,2002,222,6,17
2872,2002,150,6,18
2873,2002,169,6,18
2874,2002,198,6,18
2875,2002,157,6,19
2876,2002,193,6,19
2877,2002,217,6,19
2878,2002,162,6,20
2879,2002,174,6,20
2880,2002,210,6,20
2881,2002,139,6,21
2882,2002,180,6,21
2883,2002,204,6,21
2884,2002,144,6,22
2885,2002,187,6,22
2886,2002,223,6,22
2887,2002,151,6,23
2888,2002,168,6,23
2889,2002,199,6,23
2890,2002,156,6,24
2891,2002,192,6,24
2892,2002,216,6,24
2893,2002,163,6,25
2894,2002,175,6,25
2895,2002,211,6,25
2896,2002,7,5,1
2897,2002,48,5,1
2898,2002,97,5,1
2899,2002,12,5,2
2900,2002,61,5,2
2901,2002,102,5,2
2902,2002,25,5,3
2903,2002,66,5,3
2904,2002,115,5,3
2905,2002,30,5,4
2906,2002,79,5,4
2907,2002,120,5,4
2908,2002,43,5,5
2909,2002,84,5,5
2910,2002,133,5,5
2911,2002,8,5,6
2912,2002,47,5,6
2913,2002,98,5,6
2914,2002,11,5,7
2915,2002,62,5,7
2916,2002,101,5,7
2917,2002,26,5,8
2918,2002,65,5,8
2919,2002,116,5,8
2920,2002,29,5,9
2921,2002,80,5,9
2922,2002,119,5,9
2923,2002,44,5,10
2924,2002,83,5,10
2925,2002,134,5,10
2926,2002,9,5,11
2927,2002,46,5,11
2928,2002,99,5,11
2929,2002,10,5,12
2930,2002,63,5,12
2931,2002,100,5,12
2932,2002,27,5,13
2933,2002,64,5,13
2934,2002,117,5,13
2935,2002,28,5,14
2936,2002,81,5,14
2937,2002,118,5,14
2938,2002,45,5,15
2939,2002,82,5,15
2940,2002,135,5,15
2941,2002,140,5,16
2942,2002,179,5,16
2943,2002,203,5,16
2944,2002,143,5,17
2945,2002,188,5,17
2946,2002,224,5,17
2947,2002,152,5,18
2948,2002,167,5,18
2949,2002,200,5,18
2950,2002,155,5,19
2951,2002,191,5,19
2952,2002,215,5,19
2953,2002,164,5,20
2954,2002,176,5,20
2955,2002,212,5,20
2956,2002,141,5,21
2957,2002,178,5,21
2958,2002,202,5,21
2959,2002,142,5,22
2960,2002,189,5,22
2961,2002,225,5,22
2962,2002,153,5,23
2963,2002,166,5,23
2964,2002,201,5,23
2965,2002,154,5,24
2966,2002,190,5,24
2967,2002,214,5,24
2968,2002,165,5,25
2969,2002,177,5,25
2970,2002,213,5,25
2971,2002,1,4,1
2972,2002,54,4,1
2973,2002,91,4,1
2974,2002,18,4,2
2975,2002,55,4,2
2976,2002,108,4,2
2977,2002,19,4,3
2978,2002,72,4,3
2979,2002,109,4,3
2980,2002,36,4,4
2981,2002,73,4,4
2982,2002,126,4,4
2983,2002,37,4,5
2984,2002,90,4,5
2985,2002,127,4,5
2986,2002,2,4,6
2987,2002,53,4,6
2988,2002,92,4,6
2989,2002,17,4,7
2990,2002,56,4,7
2991,2002,107,4,7
2992,2002,20,4,8
2993,2002,71,4,8
2994,2002,110,4,8
2995,2002,35,4,9
2996,2002,74,4,9
2997,2002,125,4,9
2998,2002,38,4,10
2999,2002,89,4,10
3000,2002,128,4,10
3001,2002,3,4,11
3002,2002,52,4,11
3003,2002,93,4,11
3004,2002,16,4,12
3005,2002,57,4,12
3006,2002,106,4,12
3007,2002,21,4,13
3008,2002,70,4,13
3009,2002,111,4,13
3010,2002,34,4,14
3011,2002,75,4,14
3012,2002,124,4,14
3013,2002,39,4,15
3014,2002,88,4,15
3015,2002,129,4,15
3016,2002,136,4,16
3017,2002,183,4,16
3018,2002,207,4,16
3019,2002,147,4,17
3020,2002,184,4,17
3021,2002,220,4,17
3022,2002,148,4,18
3023,2002,171,4,18
3024,2002,196,4,18
3025,2002,159,4,19
3026,2002,195,4,19
3027,2002,219,4,19
3028,2002,160,4,20
3029,2002,172,4,20
3030,2002,208,4,20
3031,2002,137,4,21
3032,2002,182,4,21
3033,2002,206,4,21
3034,2002,146,4,22
3035,2002,185,4,22
3036,2002,221,4,22
3037,2002,149,4,23
3038,2002,170,4,23
3039,2002,197,4,23
3040,2002,158,4,24
3041,2002,194,4,24
3042,2002,218,4,24
3043,2002,161,4,25
3044,2002,173,4,25
3045,2002,209,4,25
3046,2003,1,6,1
3047,2003,54,6,1
3048,2003,91,6,1
3049,2003,18,6,2
3050,2003,55,6,2
3051,2003,108,6,2
3052,2003,19,6,3
3053,2003,72,6,3
3054,2003,109,6,3
3055,2003,36,6,4
3056,2003,73,6,4
3057,2003,126,6,4
3058,2003,37,6,5
3059,2003,90,6,5
3060,2003,127,6,5
3061,2003,2,6,6
3062,2003,53,6,6
3063,2003,92,6,6
3064,2003,17,6,7
3065,2003,56,6,7
3066,2003,107,6,7
3067,2003,20,6,8
3068,2003,71,6,8
3069,2003,110,6,8
3070,2003,35,6,9
3071,2003,74,6,9
3072,2003,125,6,9
3073,2003,38,6,10
3074,2003,89,6,10
3075,2003,128,6,10
3076,2003,3,6,11
3077,2003,52,6,11
3078,2003,93,6,11
3079,2003,16,6,12
3080,2003,57,6,12
3081,2003,106,6,12
3082,2003,21,6,13
3083,2003,70,6,13
3084,2003,111,6,13
3085,2003,34,6,14
3086,2003,75,6,14
3087,2003,124,6,14
3088,2003,39,6,15
3089,2003,88,6,15
3090,2003,129,6,15
3091,2003,136,6,16
3092,2003,183,6,16
3093,2003,207,6,16
3094,2003,147,6,17
3095,2003,184,6,17
3096,2003,220,6,17
3097,2003,148,6,18
3098,2003,171,6,18
3099,2003,196,6,18
3100,2003,159,6,19
3101,2003,195,6,19
3102,2003,219,6,19
3103,2003,160,6,20
3104,2003,172,6,20
3105,2003,208,6,20
3106,2003,137,6,21
3107,2003,182,6,21
3108,2003,206,6,21
3109,2003,146,6,22
3110,2003,185,6,22
3111,2003,221,6,22
3112,2003,149,6,23
3113,2003,170,6,23
3114,2003,197,6,23
3115,2003,158,6,24
3116,2003,194,6,24
3117,2003,218,6,24
3118,2003,161,6,25
3119,2003,173,6,25
3120,2003,209,6,25
3121,2003,4,5,1
3122,2003,51,5,1
3123,2003,94,5,1
3124,2003,15,5,2
3125,2003,58,5,2
3126,2003,105,5,2
3127,2003,22,5,3
3128,2003,69,5,3
3129,2003,112,5,3
3130,2003,33,5,4
3131,2003,76,5,4
3132,2003,123,5,4
3133,2003,40,5,5
3134,2003,87,5,5
3135,2003,130,5,5
3136,2003,5,5,6
3137,2003,50,5,6
3138,2003,95,5,6
3139,2003,14,5,7
3140,2003,59,5,7
3141,2003,104,5,7
3142,2003,23,5,8
3143,2003,68,5,8
3144,2003,113,5,8
3145,2003,32,5,9
3146,2003,77,5,9
3147,2003,122,5,9
3148,2003,41,5,10
3149,2003,86,5,10
3150,2003,131,5,10
3151,2003,6,5,11
3152,2003,49,5,11
3153,2003,96,5,11
3154,2003,13,5,12
3155,2003,60,5,12
3156,2003,103,5,12
3157,2003,24,5,13
3158,2003,67,5,13
3159,2003,114,5,13
3160,2003,31,5,14
3161,2003,78,5,14
3162,2003,121,5,14
3163,2003,42,5,15
3164,2003,85,5,15
3165,2003,132,5,15
3166,2003,138,5,16
3167,2003,181,5,16
3168,2003,205,5,16
3169,2003,145,5,17
3170,2003,186,5,17
3171,2003,222,5,17
3172,2003,150,5,18
3173,2003,169,5,18
3174,2003,198,5,18
3175,2003,157,5,19
3176,2003,193,5,19
3177,2003,217,5,19
3178,2003,162,5,20
3179,2003,174,5,20
3180,2003,210,5,20
3181,2003,139,5,21
3182,2003,180,5,21
3183,2003,204,5,21
3184,2003,144,5,22
3185,2003,187,5,22
3186,2003,223,5,22
3187,2003,151,5,23
3188,2003,168,5,23
3189,2003,199,5,23
3190,2003,156,5,24
3191,2003,192,5,24
3192,2003,216,5,24
3193,2003,163,5,25
3194,2003,175,5,25
3195,2003,211,5,25
3196,2003,7,4,1
3197,2003,48,4,1
3198,2003,97,4,1
3199,2003,12,4,2
3200,2003,61,4,2
3201,2003,102,4,2
3202,2003,25,4,3
3203,2003,66,4,3
3204,2003,115,4,3
3205,2003,30,4,4
3206,2003,79,4,4
3207,2003,120,4,4
3208,2003,43,4,5
3209,2003,84,4,5
3210,2003,133,4,5
3211,2003,8,4,6
3212,2003,47,4,6
3213,2003,98,4,6
3214,2003,11,4,7
3215,2003,62,4,7
3216,2003,101,4,7
3217,2003,26,4,8
3218,2003,65,4,8
3219,2003,116,4,8
3220,2003,29,4,9
3221,2003,80,4,9
3222,2003,119,4,9
3223,2003,44,4,10
3224,2003,83,4,10
3225,2003,134,4,10
3226,2003,9,4,11
3227,2003,46,4,11
3228,2003,99,4,11
3229,2003,10,4,12
3230,2003,63,4,12
3231,2003,100,4,12
3232,2003,27,4,13
3233,2003,64,4,13
3234,2003,117,4,13
3235,2003,28,4,14
3236,2003,81,4,14
3237,2003,118,4,14
3238,2003,45,4,15
3239,2003,82,4,15
3240,2003,135,4,15
3241,2003,140,4,16
3242,2003,179,4,16
3243,2003,203,4,16
3244,2003,143,4,17
3245,2003,188,4,17
3246,2003,224,4,17
3247,2003,152,4,18
3248,2003,167,4,18
3249,2003,200,4,18
3250,2003,155,4,19
3251,2003,191,4,19
3252,2003,215,4,19
3253,2003,164,4,20
3254,2003,176,4,20
3255,2003,212,4,20
3256,2003,141,4,21
3257,2003,178,4,21
3258,2003,202,4,21
3259,2003,142,4,22
3260,2003,189,4,22
3261,2003,225,4,22
3262,2003,153,4,23
3263,2003,166,4,23
3264,2003,201,4,23
3265,2003,154,4,24
3266,2003,190,4,24
3267,2003,214,4,24
3268,2003,165,4,25
3269,2003,177,4,25
3270,2003,213,4,25
3271,2004,7,6,1
3272,2004,48,6,1
3273,2004,97,6,1
3274,2004,12,6,2
3275,2004,61,6,2
3276,2004,102,6,2
3277,2004,25,6,3
3278,2004,66,6,3
3279,2004,115,6,3
3280,2004,30,6,4
3281,2004,79,6,4
3282,2004,120,6,4
3283,2004,43,6,5
3284,2004,84,6,5
3285,2004,133,6,5
3286,2004,8,6,6
3287,2004,47,6,6
3288,2004,98,6,6
3289,2004,11,6,7
3290,2004,62,6,7
3291,2004,101,6,7
3292,2004,26,6,8
3293,2004,65,6,8
3294,2004,116,6,8
3295,2004,29,6,9
3296,2004,80,6,9
3297,2004,119,6,9
3298,2004,44,6,10
3299,2004,83,6,10
3300,2004,134,6,10
3301,2004,9,6,11
3302,2004,46,6,11
3303,2004,99,6,11
3304,2004,10,6,12
3305,2004,63,6,12
3306,2004,100,6,12
3307,2004,27,6,13
3308,2004,64,6,13
3309,2004,117,6,13
3310,2004,28,6,14
3311,2004,81,6,14
3312,2004,118,6,14
3313,2004,45,6,15
3314,2004,82,6,15
3315,2004,135,6,15
3316,2004,140,6,16
3317,2004,179,6,16
3318,2004,203,6,16
3319,2004,143,6,17
3320,2004,188,6,17
3321,2004,224,6,17
3322,2004,152,6,18
3323,2004,167,6,18
3324,2004,200,6,18
3325,2004,155,6,19
3326,2004,191,6,19
3327,2004,215,6,19
3328,2004,164,6,20
3329,2004,176,6,20
3330,2004,212,6,20
3331,2004,141,6,21
3332,2004,178,6,21
3333,2004,202,6,21
3334,2004,142,6,22
3335,2004,189,6,22
3336,2004,225,6,22
3337,2004,153,6,23
3338,2004,166,6,23
3339,2004,201,6,23
3340,2004,154,6,24
3341,2004,190,6,24
3342,2004,214,6,24
3343,2004,165,6,25
3344,2004,177,6,25
3345,2004,213,6,25
3346,2004,1,5,1
3347,2004,54,5,1
3348,2004,91,5,1
3349,2004,18,5,2
3350,2004,55,5,2
3351,2004,108,5,2
3352,2004,19,5,3
3353,2004,72,5,3
3354,2004,109,5,3
3355,2004,36,5,4
3356,2004,73,5,4
3357,2004,126,5,4
3358,2004,37,5,5
3359,2004,90,5,5
3360,2004,127,5,5
3361,2004,2,5,6
3362,2004,53,5,6
3363,2004,92,5,6
3364,2004,17,5,7
3365,2004,56,5,7
3366,2004,107,5,7
3367,2004,20,5,8
3368,2004,71,5,8
3369,2004,110,5,8
3370,2004,35,5,9
3371,2004,74,5,9
3372,2004,125,5,9
3373,2004,38,5,10
3374,2004,89,5,10
3375,2004,128,5,10
3376,2004,3,5,11
3377,2004,52,5,11
3378,2004,93,5,11
3379,2004,16,5,12
3380,2004,57,5,12
3381,2004,106,5,12
3382,2004,21,5,13
3383,2004,70,5,13
3384,2004,111,5,13
3385,2004,34,5,14
3386,2004,75,5,14
3387,2004,124,5,14
3388,2004,39,5,15
3389,2004,88,5,15
3390,2004,129,5,15
3391,2004,136,5,16
3392,2004,183,5,16
3393,2004,207,5,16
3394,2004,147,5,17
3395,2004,184,5,17
3396,2004,220,5,17
3397,2004,148,5,18
3398,2004,171,5,18
3399,2004,196,5,18
3400,2004,159,5,19
3401,2004,195,5,19
3402,2004,219,5,19
3403,2004,160,5,20
3404,2004,172,5,20
3405,2004,208,5,20
3406,2004,137,5,21
3407,2004,182,5,21
3408,2004,206,5,21
3409,2004,146,5,22
3410,2004,185,5,22
3411,2004,221,5,22
3412,2004,149,5,23
3413,2004,170,5,23
3414,2004,197,5,23
3415,2004,158,5,24
3416,2004,194,5,24
3417,2004,218,5,24
3418,2004,161,5,25
3419,2004,173,5,25
3420,2004,209,5,25
3421,2004,4,4,1
3422,2004,51,4,1
3423,2004,94,4,1
3424,2004,15,4,2
3425,2004,58,4,2
3426,2004,105,4,2
3427,2004,22,4,3
3428,2004,69,4,3
3429,2004,112,4,3
3430,2004,33,4,4
3431,2004,76,4,4
3432,2004,123,4,4
3433,2004,40,4,5
3434,2004,87,4,5
3435,2004,130,4,5
3436,2004,5,4,6
3437,2004,50,4,6
3438,2004,95,4,6
3439,2004,14,4,7
3440,2004,59,4,7
3441,2004,104,4,7
3442,2004,23,4,8
3443,2004,68,4,8
3444,2004,113,4,8
3445,2004,32,4,9
3446,2004,77,4,9
3447,2004,122,4,9
3448,2004,41,4,10
3449,2004,86,4,10
3450,2004,131,4,10
3451,2004,6,4,11
3452,2004,49,4,11
3453,2004,96,4,11
3454,2004,13,4,12
3455,2004,60,4,12
3456,2004,103,4,12
3457,2004,24,4,13
3458,2004,67,4,13
3459,2004,114,4,13
3460,2004,31,4,14
3461,2004,78,4,14
3462,2004,121,4,14
3463,2004,42,4,15
3464,2004,85,4,15
3465,2004,132,4,15
3466,2004,138,4,16
3467,2004,181,4,16
3468,2004,205,4,16
3469,2004,145,4,17
3470,2004,186,4,17
3471,2004,222,4,17
3472,2004,150,4,18
3473,2004,169,4,18
3474,2004,198,4,18
3475,2004,157,4,19
3476,2004,193,4,19
3477,2004,217,4,19
3478,2004,162,4,20
3479,2004,174,4,20
3480,2004,210,4,20
3481,2004,139,4,21
3482,2004,180,4,21
3483,2004,204,4,21
3484,2004,144,4,22
3485,2004,187,4,22
3486,2004,223,4,22
3487,2004,151,4,23
3488,2004,168,4,23
3489,2004,199,4,23
3490,2004,156,4,24
3491,2004,192,4,24
3492,2004,216,4,24
3493,2004,163,4,25
3494,2004,175,4,25
3495,2004,211,4,25
3496,2005,4,6,1
3497,2005,51,6,1
3498,2005,94,6,1
3499,2005,15,6,2
3500,2005,58,6,2
3501,2005,105,6,2
3502,2005,22,6,3
3503,2005,69,6,3
3504,2005,112,6,3
3505,2005,33,6,4
3506,2005,76,6,4
3507,2005,123,6,4
3508,2005,40,6,5
3509,2005,87,6,5
3510,2005,130,6,5
3511,2005,5,6,6
3512,2005,50,6,6
3513,2005,95,6,6
3514,2005,14,6,7
3515,2005,59,6,7
3516,2005,104,6,7
3517,2005,23,6,8
3518,2005,68,6,8
3519,2005,113,6,8
3520,2005,32,6,9
3521,2005,77,6,9
3522,2005,122,6,9
3523,2005,41,6,10
3524,2005,86,6,10
3525,2005,131,6,10
3526,2005,6,6,11
3527,2005,49,6,11
3528,2005,96,6,11
3529,2005,13,6,12
3530,2005,60,6,12
3531,2005,103,6,12
3532,2005,24,6,13
3533,2005,67,6,13
3534,2005,114,6,13
3535,2005,31,6,14
3536,2005,78,6,14
3537,2005,121,6,14
3538,2005,42,6,15
3539,2005,85,6,15
3540,2005,132,6,15
3541,2005,138,6,16
3542,2005,181,6,16
3543,2005,205,6,16
3544,2005,145,6,17
3545,2005,186,6,17
3546,2005,222,6,17
3547,2005,150,6,18
3548,2005,169,6,18
3549,2005,198,6,18
3550,2005,157,6,19
3551,2005,193,6,19
3552,2005,217,6,19
3553,2005,162,6,20
3554,2005,174,6,20
3555,2005,210,6,20
3556,2005,139,6,21
3557,2005,180,6,21
3558,2005,204,6,21
3559,2005,144,6,22
3560,2005,187,6,22
3561,2005,223,6,22
3562,2005,151,6,23
3563,2005,168,6,23
3564,2005,199,6,23
3565,2005,156,6,24
3566,2005,192,6,24
3567,2005,216,6,24
3568,2005,163,6,25
3569,2005,175,6,25
3570,2005,211,6,25
3571,2005,7,5,1
3572,2005,48,5,1
3573,2005,97,5,1
3574,2005,12,5,2
3575,2005,61,5,2
3576,2005,102,5,2
3577,2005,25,5,3
3578,2005,66,5,3
3579,2005,115,5,3
3580,2005,30,5,4
3581,2005,79,5,4
3582,2005,120,5,4
3583,2005,43,5,5
3584,2005,84,5,5
3585,2005,133,5,5
3586,2005,8,5,6
3587,2005,47,5,6
3588,2005,98,5,6
3589,2005,11,5,7
3590,2005,62,5,7
3591,2005,101,5,7
3592,2005,26,5,8
3593,2005,65,5,8
3594,2005,116,5,8
3595,2005,29,5,9
3596,2005,80,5,9
3597,2005,119,5,9
3598,2005,44,5,10
3599,2005,83,5,10
3600,2005,134,5,10
3601,2005,9,5,11
3602,2005,46,5,11
3603,2005,99,5,11
3604,2005,10,5,12
3605,2005,63,5,12
3606,2005,100,5,12
3607,2005,27,5,13
3608,2005,64,5,13
3609,2005,117,5,13
3610,2005,28,5,14
3611,2005,81,5,14
3612,2005,118,5,14
3613,2005,45,5,15
3614,2005,82,5,15
3615,2005,135,5,15
3616,2005,140,5,16
3617,2005,179,5,16
3618,2005,203,5,16
3619,2005,143,5,17
3620,2005,188,5,17
3621,2005,224,5,17
3622,2005,152,5,18
3623,2005,167,5,18
3624,2005,200,5,18
3625,2005,155,5,19
3626,2005,191,5,19
3627,2005,215,5,19
3628,2005,164,5,20
3629,2005,176,5,20
3630,2005,212,5,20
3631,2005,141,5,21
3632,2005,178,5,21
3633,2005,202,5,21
3634,2005,142,5,22
3635,2005,189,5,22
3636,2005,225,5,22
3637,2005,153,5,23
3638,2005,166,5,23
3639,2005,201,5,23
3640,2005,154,5,24
3641,2005,190,5,24
3642,2005,214,5,24
3643,2005,165,5,25
3644,2005,177,5,25
3645,2005,213,5,25
3646,2005,1,4,1
3647,2005,54,4,1
3648,2005,91,4,1
3649,2005,18,4,2
3650,2005,55,4,2
3651,2005,108,4,2
3652,2005,19,4,3
3653,2005,72,4,3
3654,2005,109,4,3
3655,2005,36,4,4
3656,2005,73,4,4
3657,2005,126,4,4
3658,2005,37,4,5
3659,2005,90,4,5
3660,2005,127,4,5
3661,2005,2,4,6
3662,2005,53,4,6
3663,2005,92,4,6
3664,2005,17,4,7
3665,2005,56,4,7
3666,2005,107,4,7
3667,2005,20,4,8
3668,2005,71,4,8
3669,2005,110,4,8
3670,2005,35,4,9
3671,2005,74,4,9
3672,2005,125,4,9
3673,2005,38,4,10
3674,2005,89,4,10
3675,2005,128,4,10
3676,2005,3,4,11
3677,2005,52,4,11
3678,2005,93,4,11
3679,2005,16,4,12
3680,2005,57,4,12
3681,2005,106,4,12
3682,2005,21,4,13
3683,2005,70,4,13
3684,2005,111,4,13
3685,2005,34,4,14
3686,2005,75,4,14
3687,2005,124,4,14
3688,2005,39,4,15
3689,2005,88,4,15
3690,2005,129,4,15
3691,2005,136,4,16
3692,2005,183,4,16
3693,2005,207,4,16
3694,2005,147,4,17
3695,2005,184,4,17
3696,2005,220,4,17
3697,2005,148,4,18
3698,2005,171,4,18
3699,2005,196,4,18
3700,2005,159,4,19
3701,2005,195,4,19
3702,2005,219,4,19
3703,2005,160,4,20
3704,2005,172,4,20
3705,2005,208,4,20
3706,2005,137,4,21
3707,2005,182,4,21
3708,2005,206,4,21
3709,2005,146,4,22
3710,2005,185,4,22
3711,2005,221,4,22
3712,2005,149,4,23
3713,2005,170,4,23
3714,2005,197,4,23
3715,2005,158,4,24
3716,2005,194,4,24
3717,2005,218,4,24
3718,2005,161,4,25
3719,2005,173,4,25
3720,2005,209,4,25
3721,2006,1,6,1
3722,2006,54,6,1
3723,2006,91,6,1
3724,2006,18,6,2
3725,2006,55,6,2
3726,2006,108,6,2
3727,2006,19,6,3
3728,2006,72,6,3
3729,2006,109,6,3
3730,2006,36,6,4
3731,2006,73,6,4
3732,2006,126,6,4
3733,2006,37,6,5
3734,2006,90,6,5
3735,2006,127,6,5
3736,2006,2,6,6
3737,2006,53,6,6
3738,2006,92,6,6
3739,2006,17,6,7
3740,2006,56,6,7
3741,2006,107,6,7
3742,2006,20,6,8
3743,2006,71,6,8
3744,2006,110,6,8
3745,2006,35,6,9
3746,2006,74,6,9
3747,2006,125,6,9
3748,2006,38,6,10
3749,2006,89,6,10
3750,2006,128,6,10
3751,2006,3,6,11
3752,2006,52,6,11
3753,2006,93,6,11
3754,2006,16,6,12
3755,2006,57,6,12
3756,2006,106,6,12
3757,2006,21,6,13
3758,2006,70,6,13
3759,2006,111,6,13
3760,2006,34,6,14
3761,2006,75,6,14
3762,2006,124,6,14
3763,2006,39,6,15
3764,2006,88,6,15
3765,2006,129,6,15
3766,2006,136,6,16
3767,2006,183,6,16
3768,2006,207,6,16
3769,2006,147,6,17
3770,2006,184,6,17
3771,2006,220,6,17
3772,2006,148,6,18
3773,2006,171,6,18
3774,2006,196,6,18
3775,2006,159,6,19
3776,2006,195,6,19
3777,2006,219,6,19
3778,2006,160,6,20
3779,2006,172,6,20
3780,2006,208,6,20
3781,2006,137,6,21
3782,2006,182,6,21
3783,2006,206,6,21
3784,2006,146,6,22
3785,2006,185,6,22
3786,2006,221,6,22
3787,2006,149,6,23
3788,2006,170,6,23
3789,2006,197,6,23
3790,2006,158,6,24
3791,2006,194,6,24
3792,2006,218,6,24
3793,2006,161,6,25
3794,2006,173,6,25
3795,2006,209,6,25
3796,2006,4,5,1
3797,2006,51,5,1
3798,2006,94,5,1
3799,2006,15,5,2
3800,2006,58,5,2
3801,2006,105,5,2
3802,2006,22,5,3
3803,2006,69,5,3
3804,2006,112,5,3
3805,2006,33,5,4
3806,2006,76,5,4
3807,2006,123,5,4
3808,2006,40,5,5
3809,2006,87,5,5
3810,2006,130,5,5
3811,2006,5,5,6
3812,2006,50,5,6
3813,2006,95,5,6
3814,2006,14,5,7
3815,2006,59,5,7
3816,2006,104,5,7
3817,2006,23,5,8
3818,2006,68,5,8
3819,2006,113,5,8
3820,2006,32,5,9
3821,2006,77,5,9
3822,2006,122,5,9
3823,2006,41,5,10
3824,2006,86,5,10
3825,2006,131,5,10
3826,2006,6,5,11
3827,2006,49,5,11
3828,2006,96,5,11
3829,2006,13,5,12
3830,2006,60,5,12
3831,2006,103,5,12
3832,2006,24,5,13
3833,2006,67,5,13
3834,2006,114,5,13
3835,2006,31,5,14
3836,2006,78,5,14
3837,2006,121,5,14
3838,2006,42,5,15
3839,2006,85,5,15
3840,2006,132,5,15
3841,2006,138,5,16
3842,2006,181,5,16
3843,2006,205,5,16
3844,2006,145,5,17
3845,2006,186,5,17
3846,2006,222,5,17
3847,2006,150,5,18
3848,2006,169,5,18
3849,2006,198,5,18
3850,2006,157,5,19
3851,2006,193,5,19
3852,2006,217,5,19
3853,2006,162,5,20
3854,2006,174,5,20
3855,2006,210,5,20
3856,2006,139,5,21
3857,2006,180,5,21
3858,2006,204,5,21
3859,2006,144,5,22
3860,2006,187,5,22
3861,2006,223,5,22
3862,2006,151,5,23
3863,2006,168,5,23
3864,2006,199,5,23
3865,2006,156,5,24
3866,2006,192,5,24
3867,2006,216,5,24
3868,2006,163,5,25
3869,2006,175,5,25
3870,2006,211,5,25
3871,2006,7,4,1
3872,2006,48,4,1
3873,2006,97,4,1
3874,2006,12,4,2
3875,2006,61,4,2
3876,2006,102,4,2
3877,2006,25,4,3
3878,2006,66,4,3
3879,2006,115,4,3
3880,2006,30,4,4
3881,2006,79,4,4
3882,2006,120,4,4
3883,2006,43,4,5
3884,2006,84,4,5
3885,2006,133,4,5
3886,2006,8,4,6
3887,2006,47,4,6
3888,2006,98,4,6
3889,2006,11,4,7
3890,2006,62,4,7
3891,2006,101,4,7
3892,2006,26,4,8
3893,2006,65,4,8
3894,2006,116,4,8
3895,2006,29,4,9
3896,2006,80,4,9
3897,2006,119,4,9
3898,2006,44,4,10
3899,2006,83,4,10
3900,2006,134,4,10
3901,2006,9,4,11
3902,2006,46,4,11
3903,2006,99,4,11
3904,2006,10,4,12
3905,2006,63,4,12
3906,2006,100,4,12
3907,2006,27,4,13
3908,2006,64,4,13
3909,2006,117,4,13
3910,2006,28,4,14
3911,2006,81,4,14
3912,2006,118,4,14
3913,2006,45,4,15
3914,2006,82,4,15
3915,2006,135,4,15
3916,2006,140,4,16
3917,2006,179,4,16
3918,2006,203,4,16
3919,2006,143,4,17
3920,2006,188,4,17
3921,2006,224,4,17
3922,2006,152,4,18
3923,2006,167,4,18
3924,2006,200,4,18
3925,2006,155,4,19
3926,2006,191,4,19
3927,2006,215,4,19
3928,2006,164,4,20
3929,2006,176,4,20
3930,2006,212,4,20
3931,2006,141,4,21
3932,2006,178,4,21
3933,2006,202,4,21
3934,2006,142,4,22
3935,2006,189,4,22
3936,2006,225,4,22
3937,2006,153,4,23
3938,2006,166,4,23
3939,2006,201,4,23
3940,2006,154,4,24
3941,2006,190,4,24
3942,2006,214,4,24
3943,2006,165,4,25
3944,2006,177,4,25
3945,2006,213,4,25
3946,2007,7,6,1
3947,2007,48,6,1
3948,2007,97,6,1
3949,2007,12,6,2
3950,2007,61,6,2
3951,2007,102,6,2
3952,2007,25,6,3
3953,2007,66,6,3
3954,2007,115,6,3
3955,2007,30,6,4
3956,2007,79,6,4
3957,2007,120,6,4
3958,2007,43,6,5
3959,2007,84,6,5
3960,2007,133,6,5
3961,2007,8,6,6
3962,2007,47,6,6
3963,2007,98,6,6
3964,2007,11,6,7
3965,2007,62,6,7
3966,2007,101,6,7
3967,2007,26,6,8
3968,2007,65,6,8
3969,2007,116,6,8
3970,2007,29,6,9
3971,2007,80,6,9
3972,2007,119,6,9
3973,2007,44,6,10
3974,2007,83,6,10
3975,2007,134,6,10
3976,2007,9,6,11
3977,2007,46,6,11
3978,2007,99,6,11
3979,2007,10,6,12
3980,2007,63,6,12
3981,2007,100,6,12
3982,2007,27,6,13
3983,2007,64,6,13
3984,2007,117,6,13
3985,2007,28,6,14
3986,2007,81,6,14
3987,2007,118,6,14
3988,2007,45,6,15
3989,2007,82,6,15
3990,2007,135,6,15
3991,2007,140,6,16
3992,2007,179,6,16
3993,2007,203,6,16
3994,2007,143,6,17
3995,2007,188,6,17
3996,2007,224,6,17
3997,2007,152,6,18
3998,2007,167,6,18
3999,2007,200,6,18
4000,2007,155,6,19
4001,2007,191,6,19
4002,2007,215,6,19
4003,2007,164,6,20
4004,2007,176,6,20
4005,2007,212,6,20
4006,2007,141,6,21
4007,2007,178,6,21
4008,2007,202,6,21
4009,2007,142,6,22
4010,2007,189,6,22
4011,2007,225,6,22
4012,2007,153,6,23
4013,2007,166,6,23
4014,2007,201,6,23
4015,2007,154,6,24
4016,2007,190,6,24
4017,2007,214,6,24
4018,2007,165,6,25
4019,2007,177,6,25
4020,2007,213,6,25
4021,2007,1,5,1
4022,2007,54,5,1
4023,2007,91,5,1
4024,2007,18,5,2
4025,2007,55,5,2
4026,2007,108,5,2
4027,2007,19,5,3
4028,2007,72,5,3
4029,2007,109,5,3
4030,2007,36,5,4
4031,2007,73,5,4
4032,2007,126,5,4
4033,2007,37,5,5
4034,2007,90,5,5
4035,2007,127,5,5
4036,2007,2,5,6
4037,2007,53,5,6
4038,2007,92,5,6
4039,2007,17,5,7
4040,2007,56,5,7
4041,2007,107,5,7
4042,2007,20,5,8
4043,2007,71,5,8
4044,2007,110,5,8
4045,2007,35,5,9
4046,2007,74,5,9
4047,2007,125,5,9
4048,2007,38,5,10
4049,2007,89,5,10
4050,2007,128,5,10
4051,2007,3,5,11
4052,2007,52,5,11
4053,2007,93,5,11
4054,2007,16,5,12
4055,2007,57,5,12
4056,2007,106,5,12
4057,2007,21,5,13
4058,2007,70,5,13
4059,2007,111,5,13
4060,2007,34,5,14
4061,2007,75,5,14
4062,2007,124,5,14
4063,2007,39,5,15
4064,2007,88,5,15
4065,2007,129,5,15
4066,2007,136,5,16
4067,2007,183,5,16
4068,2007,207,5,16
4069,2007,147,5,17
4070,2007,184,5,17
4071,2007,220,5,17
4072,2007,148,5,18
4073,2007,171,5,18
4074,2007,196,5,18
4075,2007,159,5,19
4076,2007,195,5,19
4077,2007,219,5,19
4078,2007,160,5,20
4079,2007,172,5,20
4080,2007,208,5,20
4081,2007,137,5,21
4082,2007,182,5,21
4083,2007,206,5,21
4084,2007,146,5,22
4085,2007,185,5,22
4086,2007,221,5,22
4087,2007,149,5,23
4088,2007,170,5,23
4089,2007,197,5,23
4090,2007,158,5,24
4091,2007,194,5,24
4092,2007,218,5,24
4093,2007,161,5,25
4094,2007,173,5,25
4095,2007,209,5,25
4096,2007,4,4,1
4097,2007,51,4,1
4098,2007,94,4,1
4099,2007,15,4,2
4100,2007,58,4,2
4101,2007,105,4,2
4102,2007,22,4,3
4103,2007,69,4,3
4104,2007,112,4,3
4105,2007,33,4,4
4106,2007,76,4,4
4107,2007,123,4,4
4108,2007,40,4,5
4109,2007,87,4,5
4110,2007,130,4,5
4111,2007,5,4,6
4112,2007,50,4,6
4113,2007,95,4,6
4114,2007,14,4,7
4115,2007,59,4,7
4116,2007,104,4,7
4117,2007,23,4,8
4118,2007,68,4,8
4119,2007,113,4,8
4120,2007,32,4,9
4121,2007,77,4,9
4122,2007,122,4,9
4123,2007,41,4,10
4124,2007,86,4,10
4125,2007,131,4,10
4126,2007,6,4,11
4127,2007,49,4,11
4128,2007,96,4,11
4129,2007,13,4,12
4130,2007,60,4,12
4131,2007,103,4,12
4132,2007,24,4,13
4133,2007,67,4,13
4134,2007,114,4,13
4135,2007,31,4,14
4136,2007,78,4,14
4137,2007,121,4,14
4138,2007,42,4,15
4139,2007,85,4,15
4140,2007,132,4,15
4141,2007,138,4,16
4142,2007,181,4,16
4143,2007,205,4,16
4144,2007,145,4,17
4145,2007,186,4,17
4146,2007,222,4,17
4147,2007,150,4,18
4148,2007,169,4,18
4149,2007,198,4,18
4150,2007,157,4,19
4151,2007,193,4,19
4152,2007,217,4,19
4153,2007,162,4,20
4154,2007,174,4,20
4155,2007,210,4,20
4156,2007,139,4,21
4157,2007,180,4,21
4158,2007,204,4,21
4159,2007,144,4,22
4160,2007,187,4,22
4161,2007,223,4,22
4162,2007,151,4,23
4163,2007,168,4,23
4164,2007,199,4,23
4165,2007,156,4,24
4166,2007,192,4,24
4167,2007,216,4,24
4168,2007,163,4,25
4169,2007,175,4,25
4170,2007,211,4,25
4171,2008,4,6,1
4172,2008,51,6,1
4173,2008,94,6,1
4174,2008,15,6,2
4175,2008,58,6,2
4176,2008,105,6,2
4177,2008,22,6,3
4178,2008,69,6,3
4179,2008,112,6,3
4180,2008,33,6,4
4181,2008,76,6,4
4182,2008,123,6,4
4183,2008,40,6,5
4184,2008,87,6,5
4185,2008,130,6,5
4186,2008,5,6,6
4187,2008,50,6,6
4188,2008,95,6,6
4189,2008,14,6,7
4190,2008,59,6,7
4191,2008,104,6,7
4192,2008,23,6,8
4193,2008,68,6,8
4194,2008,113,6,8
4195,2008,32,6,9
4196,2008,77,6,9
4197,2008,122,6,9
4198,2008,41,6,10
4199,2008,86,6,10
4200,2008,131,6,10
4201,2008,6,6,11
4202,2008,49,6,11
4203,2008,96,6,11
4204,2008,13,6,12
4205,2008,60,6,12
4206,2008,103,6,12
4207,2008,24,6,13
4208,2008,67,6,13
4209,2008,114,6,13
4210,2008,31,6,14
4211,2008,78,6,14
4212,2008,121,6,14
4213,2008,42,6,15
4214,2008,85,6,15
4215,2008,132,6,15
4216,2008,138,6,16
4217,2008,181,6,16
4218,2008,205,6,16
4219,2008,145,6,17
4220,2008,186,6,17
4221,2008,222,6,17
4222,2008,150,6,18
4223,2008,169,6,18
4224,2008,198,6,18
4225,2008,157,6,19
4226,2008,193,6,19
4227,2008,217,6,19
4228,2008,162,6,20
4229,2008,174,6,20
4230,2008,210,6,20
4231,2008,139,6,21
4232,2008,180,6,21
4233,2008,204,6,21
4234,2008,144,6,22
4235,2008,187,6,22
4236,2008,223,6,22
4237,2008,151,6,23
4238,2008,168,6,23
4239,2008,199,6,23
4240,2008,156,6,24
4241,2008,192,6,24
4242,2008,216,6,24
4243,2008,163,6,25
4244,2008,175,6,25
4245,2008,211,6,25
4246,2008,7,5,1
4247,2008,48,5,1
4248,2008,97,5,1
4249,2008,12,5,2
4250,2008,61,5,2
4251,2008,102,5,2
4252,2008,25,5,3
4253,2008,66,5,3
4254,2008,115,5,3
4255,2008,30,5,4
4256,2008,79,5,4
4257,2008,120,5,4
4258,2008,43,5,5
4259,2008,84,5,5
4260,2008,133,5,5
4261,2008,8,5,6
4262,2008,47,5,6
4263,2008,98,5,6
4264,2008,11,5,7
4265,2008,62,5,7
4266,2008,101,5,7
4267,2008,26,5,8
4268,2008,65,5,8
4269,2008,116,5,8
4270,2008,29,5,9
4271,2008,80,5,9
4272,2008,119,5,9
4273,2008,44,5,10
4274,2008,83,5,10
4275,2008,134,5,10
4276,2008,9,5,11
4277,2008,46,5,11
4278,2008,99,5,11
4279,2008,10,5,12
4280,2008,63,5,12
4281,2008,100,5,12
4282,2008,27,5,13
4283,2008,64,5,13
4284,2008,117,5,13
4285,2008,28,5,14
4286,2008,81,5,14
4287,2008,118,5,14
4288,2008,45,5,15
4289,2008,82,5,15
4290,2008,135,5,15
4291,2008,140,5,16
4292,2008,179,5,16
4293,2008,203,5,16
4294,2008,143,5,17
4295,2008,188,5,17
4296,2008,224,5,17
4297,2008,152,5,18
4298,2008,167,5,18
4299,2008,200,5,18
4300,2008,155,5,19
4301,2008,191,5,19
4302,2008,215,5,19
4303,2008,164,5,20
4304,2008,176,5,20
4305,2008,212,5,20
4306,2008,141,5,21
4307,2008,178,5,21
4308,2008,202,5,21
4309,2008,142,5,22
4310,2008,189,5,22
4311,2008,225,5,22
4312,2008,153,5,23
4313,2008,166,5,23
4314,2008,201,5,23
4315,2008,154,5,24
4316,2008,190,5,24
4317,2008,214,5,24
4318,2008,165,5,25
4319,2008,177,5,25
4320,2008,213,5,25
4321,2008,1,4,1
4322,2008,54,4,1
4323,2008,91,4,1
4324,2008,18,4,2
4325,2008,55,4,2
4326,2008,108,4,2
4327,2008,19,4,3
4328,2008,72,4,3
4329,2008,109,4,3
4330,2008,36,4,4
4331,2008,73,4,4
4332,2008,126,4,4
4333,2008,37,4,5
4334,2008,90,4,5
4335,2008,127,4,5
4336,2008,2,4,6
4337,2008,53,4,6
4338,2008,92,4,6
4339,2008,17,4,7
4340,2008,56,4,7
4341,2008,107,4,7
4342,2008,20,4,8
4343,2008,71,4,8
4344,2008,110,4,8
4345,2008,35,4,9
4346,2008,74,4,9
4347,2008,125,4,9
4348,2008,38,4,10
4349,2008,89,4,10
4350,2008,128,4,10
4351,2008,3,4,11
4352,2008,52,4,11
4353,2008,93,4,11
4354,2008,16,4,12
4355,2008,57,4,12
4356,2008,106,4,12
4357,2008,21,4,13
4358,2008,70,4,13
4359,2008,111,4,13
4360,2008,34,4,14
4361,2008,75,4,14
4362,2008,124,4,14
4363,2008,39,4,15
4364,2008,88,4,15
4365,2008,129,4,15
4366,2008,136,4,16
4367,2008,183,4,16
4368,2008,207,4,16
4369,2008,147,4,17
4370,2008,184,4,17
4371,2008,220,4,17
4372,2008,148,4,18
4373,2008,171,4,18
4374,2008,196,4,18
4375,2008,159,4,19
4376,2008,195,4,19
4377,2008,219,4,19
4378,2008,160,4,20
4379,2008,172,4,20
4380,2008,208,4,20
4381,2008,137,4,21
4382,2008,182,4,21
4383,2008,206,4,21
4384,2008,146,4,22
4385,2008,185,4,22
4386,2008,221,4,22
4387,2008,149,4,23
4388,2008,170,4,23
4389,2008,197,4,23
4390,2008,158,4,24
4391,2008,194,4,24
4392,2008,218,4,24
4393,2008,161,4,25
4394,2008,173,4,25
4395,2008,209,4,25
4396,2009,1,1,1
4397,2009,54,1,1
4398,2009,91,1,1
4399,2009,18,1,2
4400,2009,55,1,2
4401,2009,108,1,2
4402,2009,19,1,3
4403,2009,72,1,3
4404,2009,109,1,3
4405,2009,36,1,4
4406,2009,73,1,4
4407,2009,126,1,4
4408,2009,37,1,5
4409,2009,90,1,5
4410,2009,127,1,5
4411,2009,2,1,6
4412,2009,53,1,6
4413,2009,92,1,6
4414,2009,17,1,7
4415,2009,56,1,7
4416,2009,107,1,7
4417,2009,20,1,8
4418,2009,71,1,8
4419,2009,110,1,8
4420,2009,35,1,9
4421,2009,74,1,9
4422,2009,125,1,9
4423,2009,38,1,10
4424,2009,89,1,10
4425,2009,128,1,10
4426,2009,3,1,11
4427,2009,52,1,11
4428,2009,93,1,11
4429,2009,16,1,12
4430,2009,57,1,12
4431,2009,106,1,12
4432,2009,21,1,13
4433,2009,70,1,13
4434,2009,111,1,13
4435,2009,34,1,14
4436,2009,75,1,14
4437,2009,124,1,14
4438,2009,39,1,15
4439,2009,88,1,15
4440,2009,129,1,15
4441,2009,136,1,16
4442,2009,183,1,16
4443,2009,207,1,16
4444,2009,147,1,17
4445,2009,184,1,17
4446,2009,220,1,17
4447,2009,148,1,18
4448,2009,171,1,18
4449,2009,196,1,18
4450,2009,159,1,19
4451,2009,195,1,19
4452,2009,219,1,19
4453,2009,160,1,20
4454,2009,172,1,20
4455,2009,208,1,20
4456,2009,137,1,21
4457,2009,182,1,21
4458,2009,206,1,21
4459,2009,146,1,22
4460,2009,185,1,22
4461,2009,221,1,22
4462,2009,149,1,23
4463,2009,170,1,23
4464,2009,197,1,23
4465,2009,158,1,24
4466,2009,194,1,24
4467,2009,218,1,24
4468,2009,161,1,25
4469,2009,173,1,25
4470,2009,209,1,25
4471,2009,4,5,1
4472,2009,51,5,1
4473,2009,94,5,1
4474,2009,15,5,2
4475,2009,58,5,2
4476,2009,105,5,2
4477,2009,22,5,3
4478,2009,69,5,3
4479,2009,112,5,3
4480,2009,33,5,4
4481,2009,76,5,4
4482,2009,123,5,4
4483,2009,40,5,5
4484,2009,87,5,5
4485,2009,130,5,5
4486,2009,5,5,6
4487,2009,50,5,6
4488,2009,95,5,6
4489,2009,14,5,7
4490,2009,59,5,7
4491,2009,104,5,7
4492,2009,23,5,8
4493,2009,68,5,8
4494,2009,113,5,8
4495,2009,32,5,9
4496,2009,77,5,9
4497,2009,122,5,9
4498,2009,41,5,10
4499,2009,86,5,10
4500,2009,131,5,10
4501,2009,6,5,11
4502,2009,49,5,11
4503,2009,96,5,11
4504,2009,13,5,12
4505,2009,60,5,12
4506,2009,103,5,12
4507,2009,24,5,13
4508,2009,67,5,13
4509,2009,114,5,13
4510,2009,31,5,14
4511,2009,78,5,14
4512,2009,121,5,14
4513,2009,42,5,15
4514,2009,85,5,15
4515,2009,132,5,15
4516,2009,138,5,16
4517,2009,181,5,16
4518,2009,205,5,16
4519,2009,145,5,17
4520,2009,186,5,17
4521,2009,222,5,17
4522,2009,150,5,18
4523,2009,169,5,18
4524,2009,198,5,18
4525,2009,157,5,19
4526,2009,193,5,19
4527,2009,217,5,19
4528,2009,162,5,20
4529,2009,174,5,20
4530,2009,210,5,20
4531,2009,139,5,21
4532,2009,180,5,21
4533,2009,204,5,21
4534,2009,144,5,22
4535,2009,187,5,22
4536,2009,223,5,22
4537,2009,151,5,23
4538,2009,168,5,23
4539,2009,199,5,23
4540,2009,156,5,24
4541,2009,192,5,24
4542,2009,216,5,24
4543,2009,163,5,25
4544,2009,175,5,25
4545,2009,211,5,25
4546,2009,7,4,1
4547,2009,48,4,1
4548,2009,97,4,1
4549,2009,12,4,2
4550,2009,61,4,2
4551,2009,102,4,2
4552,2009,25,4,3
4553,2009,66,4,3
4554,2009,115,4,3
4555,2009,30,4,4
4556,2009,79,4,4
4557,2009,120,4,4
4558,2009,43,4,5
4559,2009,84,4,5
4560,2009,133,4,5
4561,2009,8,4,6
4562,2009,47,4,6
4563,2009,98,4,6
4564,2009,11,4,7
4565,2009,62,4,7
4566,2009,101,4,7
4567,2009,26,4,8
4568,2009,65,4,8
4569,2009,116,4,8
4570,2009,29,4,9
4571,2009,80,4,9
4572,2009,119,4,9
4573,2009,44,4,10
4574,2009,83,4,10
4575,2009,134,4,10
4576,2009,9,4,11
4577,2009,46,4,11
4578,2009,99,4,11
4579,2009,10,4,12
4580,2009,63,4,12
4581,2009,100,4,12
4582,2009,27,4,13
4583,2009,64,4,13
4584,2009,117,4,13
4585,2009,28,4,14
4586,2009,81,4,14
4587,2009,118,4,14
4588,2009,45,4,15
4589,2009,82,4,15
4590,2009,135,4,15
4591,2009,140,4,16
4592,2009,179,4,16
4593,2009,203,4,16
4594,2009,143,4,17
4595,2009,188,4,17
4596,2009,224,4,17
4597,2009,152,4,18
4598,2009,167,4,18
4599,2009,200,4,18
4600,2009,155,4,19
4601,2009,191,4,19
4602,2009,215,4,19
4603,2009,164,4,20
4604,2009,176,4,20
4605,2009,212,4,20
4606,2009,141,4,21
4607,2009,178,4,21
4608,2009,202,4,21
4609,2009,142,4,22
4610,2009,189,4,22
4611,2009,225,4,22
4612,2009,153,4,23
4613,2009,166,4,23
4614,2009,201,4,23
4615,2009,154,4,24
4616,2009,190,4,24
4617,2009,214,4,24
4618,2009,165,4,25
4619,2009,177,4,25
4620,2009,213,4,25
